@timestamp,transaction.id,transaction.request.uri,transaction.request.method,transaction.response.status,transaction.is_interrupted,crs_score_summary.status,crs_scores.inbound.blocking,crs_scores.inbound.detection,crs_scores.inbound.threshold,crs_scores.inbound.pl1,crs_scores.inbound.pl2,crs_scores.inbound.pl3,crs_scores.inbound.pl4,crs_scores.category.sqli,crs_scores.category.xss,crs_scores.category.rce,crs_scores.category.lfi,crs_scores.category.rfi,crs_scores.category.phpi,crs_scores.category.http,crs_scores.category.sess,run_id,label,dataset_source,group_id,configuration_id,template_id,cve_id,attack_category,request_error,timeout
2026-01-01T00:00:00Z,synthetic-0-000-0,/synthetic/example/0,GET,200,False,partial,0,0,5,0,0,0,0,5,,0,0,0,0,0,0,synthetic-run-v1,0,synthetic-legitimate,family-0-000,synthetic-detectiononly,,,legitimate,,False
2026-01-01T00:00:01Z,synthetic-0-000-1,/synthetic/example/0,GET,200,False,complete,1,1,5,1,0,0,0,5,0,0,0,0,0,0,0,synthetic-run-v1,0,synthetic-legitimate,family-0-000,synthetic-detectiononly,,,legitimate,,False
2026-01-01T00:00:02Z,synthetic-0-000-2,/synthetic/example/0,GET,200,False,complete,4,4,5,4,0,0,0,3,0,0,0,0,0,0,0,synthetic-run-v1,0,synthetic-legitimate,family-0-000,synthetic-detectiononly,,,legitimate,,False
2026-01-01T00:01:00Z,synthetic-0-001-0,/synthetic/example/1,GET,200,False,complete,3,4,5,3,0,1,0,0,0,0,0,0,0,0,0,synthetic-run-v1,0,synthetic-legitimate,family-0-001,synthetic-detectiononly,,,legitimate,,False
2026-01-01T00:01:01Z,synthetic-0-001-1,/synthetic/example/1,GET,200,False,complete,3,3,5,3,0,0,0,0,0,0,0,0,0,0,0,synthetic-run-v1,0,synthetic-legitimate,family-0-001,synthetic-detectiononly,,,legitimate,,False
2026-01-01T00:01:02Z,synthetic-0-001-2,/synthetic/example/1,GET,200,False,complete,5,6,5,5,0,1,0,0,0,0,0,0,0,0,0,synthetic-run-v1,0,synthetic-legitimate,family-0-001,synthetic-detectiononly,,,legitimate,,False
2026-01-01T00:02:00Z,synthetic-0-002-0,/synthetic/example/2,GET,200,False,complete,1,1,5,1,0,0,0,0,0,0,0,0,0,0,0,synthetic-run-v1,0,synthetic-legitimate,family-0-002,synthetic-detectiononly,,,legitimate,,False
2026-01-01T00:02:01Z,synthetic-0-002-1,/synthetic/example/2,GET,200,False,complete,0,0,5,0,0,0,0,0,0,0,0,0,0,0,0,synthetic-run-v1,0,synthetic-legitimate,family-0-002,synthetic-detectiononly,,,legitimate,,False
2026-01-01T00:02:02Z,synthetic-0-002-2,/synthetic/example/2,GET,200,False,complete,4,4,5,4,0,0,0,0,0,0,0,0,0,0,0,synthetic-run-v1,0,synthetic-legitimate,family-0-002,synthetic-detectiononly,,,legitimate,,False
2026-01-01T00:03:00Z,synthetic-0-003-0,/synthetic/example/3,GET,200,False,complete,1,2,5,1,0,1,0,0,0,0,0,0,0,0,0,synthetic-run-v1,0,synthetic-legitimate,family-0-003,synthetic-detectiononly,,,legitimate,,False
2026-01-01T00:03:01Z,synthetic-0-003-1,/synthetic/example/3,GET,200,False,complete,4,4,5,4,0,0,0,0,0,0,0,0,0,0,0,synthetic-run-v1,0,synthetic-legitimate,family-0-003,synthetic-detectiononly,,,legitimate,,False
2026-01-01T00:03:02Z,synthetic-0-003-2,/synthetic/example/3,GET,200,False,complete,0,1,5,0,0,1,0,0,0,0,0,0,0,0,0,synthetic-run-v1,0,synthetic-legitimate,family-0-003,synthetic-detectiononly,,,legitimate,,False
2026-01-01T00:04:00Z,synthetic-0-004-0,/synthetic/example/4,GET,200,False,complete,0,1,5,0,0,1,0,0,0,0,0,0,0,0,0,synthetic-run-v1,0,synthetic-legitimate,family-0-004,synthetic-detectiononly,,,legitimate,,False
2026-01-01T00:04:01Z,synthetic-0-004-1,/synthetic/example/4,GET,200,False,complete,4,5,5,4,0,1,0,0,0,0,0,0,0,0,0,synthetic-run-v1,0,synthetic-legitimate,family-0-004,synthetic-detectiononly,,,legitimate,,False
2026-01-01T00:04:02Z,synthetic-0-004-2,/synthetic/example/4,GET,200,False,complete,0,1,5,0,0,1,0,0,0,0,0,0,0,0,0,synthetic-run-v1,0,synthetic-legitimate,family-0-004,synthetic-detectiononly,,,legitimate,synthetic_timeout,True
2026-01-01T00:05:00Z,synthetic-0-005-0,/synthetic/example/5,GET,200,False,complete,8,8,5,8,0,0,0,0,0,0,0,0,0,0,0,synthetic-run-v1,0,synthetic-legitimate,family-0-005,synthetic-detectiononly,,,legitimate,,False
2026-01-01T00:05:01Z,synthetic-0-005-1,/synthetic/example/5,GET,200,False,complete,0,0,5,0,0,0,0,0,0,0,0,0,0,0,0,synthetic-run-v1,0,synthetic-legitimate,family-0-005,synthetic-detectiononly,,,legitimate,,False
2026-01-01T00:05:02Z,synthetic-0-005-2,/synthetic/example/5,GET,200,False,complete,1,2,5,1,0,1,0,0,0,0,0,0,0,0,0,synthetic-run-v1,0,synthetic-legitimate,family-0-005,synthetic-detectiononly,,,legitimate,,False
2026-01-01T00:06:00Z,synthetic-0-006-0,/synthetic/example/6,GET,200,False,complete,0,0,5,0,0,0,0,0,0,0,0,0,0,0,0,synthetic-run-v1,0,synthetic-legitimate,family-0-006,synthetic-detectiononly,,,legitimate,,False
2026-01-01T00:06:01Z,synthetic-0-006-1,/synthetic/example/6,GET,200,False,complete,3,4,5,3,0,1,0,0,0,0,0,0,0,0,0,synthetic-run-v1,0,synthetic-legitimate,family-0-006,synthetic-detectiononly,,,legitimate,,False
2026-01-01T00:06:02Z,synthetic-0-006-2,/synthetic/example/6,GET,200,False,complete,3,4,5,3,0,1,0,0,0,0,0,0,0,0,0,synthetic-run-v1,0,synthetic-legitimate,family-0-006,synthetic-detectiononly,,,legitimate,,False
2026-01-01T00:07:00Z,synthetic-0-007-0,/synthetic/example/7,GET,200,False,complete,1,1,5,1,0,0,0,0,0,0,0,0,0,0,0,synthetic-run-v1,0,synthetic-legitimate,family-0-007,synthetic-detectiononly,,,legitimate,,False
2026-01-01T00:07:01Z,synthetic-0-007-1,/synthetic/example/7,GET,200,False,complete,2,3,5,2,0,1,0,0,0,0,0,0,0,0,0,synthetic-run-v1,0,synthetic-legitimate,family-0-007,synthetic-detectiononly,,,legitimate,,False
2026-01-01T00:07:02Z,synthetic-0-007-2,/synthetic/example/7,GET,200,False,complete,0,0,5,0,0,0,0,0,0,0,0,0,0,0,0,synthetic-run-v1,0,synthetic-legitimate,family-0-007,synthetic-detectiononly,,,legitimate,,False
2026-01-01T00:08:00Z,synthetic-0-008-0,/synthetic/example/8,GET,200,False,complete,0,0,5,0,0,0,0,0,0,0,0,0,0,0,0,synthetic-run-v1,0,synthetic-legitimate,family-0-008,synthetic-detectiononly,,,legitimate,,False
2026-01-01T00:08:01Z,synthetic-0-008-1,/synthetic/example/8,GET,200,False,complete,0,0,5,0,0,0,0,0,0,0,0,0,0,0,0,synthetic-run-v1,0,synthetic-legitimate,family-0-008,synthetic-detectiononly,,,legitimate,,False
2026-01-01T00:08:02Z,synthetic-0-008-2,/synthetic/example/8,GET,200,False,complete,0,1,5,0,0,1,0,0,0,0,0,0,0,0,0,synthetic-run-v1,0,synthetic-legitimate,family-0-008,synthetic-detectiononly,,,legitimate,,False
2026-01-01T00:09:00Z,synthetic-0-009-0,/synthetic/example/9,GET,200,False,complete,0,0,5,0,0,0,0,0,0,0,0,0,0,0,0,synthetic-run-v1,0,synthetic-legitimate,family-0-009,synthetic-detectiononly,,,legitimate,,False
2026-01-01T00:09:01Z,synthetic-0-009-1,/synthetic/example/9,GET,200,False,complete,4,5,5,4,0,1,0,0,0,0,0,0,0,0,0,synthetic-run-v1,0,synthetic-legitimate,family-0-009,synthetic-detectiononly,,,legitimate,,False
2026-01-01T00:09:02Z,synthetic-0-009-2,/synthetic/example/9,GET,200,False,complete,0,1,5,0,0,1,0,0,0,0,0,0,0,0,0,synthetic-run-v1,0,synthetic-legitimate,family-0-009,synthetic-detectiononly,,,legitimate,,False
2026-01-01T00:10:00Z,synthetic-0-010-0,/synthetic/example/10,GET,200,False,complete,3,3,5,3,0,0,0,0,0,0,0,0,0,0,0,synthetic-run-v1,0,synthetic-legitimate,family-0-010,synthetic-detectiononly,,,legitimate,,False
2026-01-01T00:10:01Z,synthetic-0-010-1,/synthetic/example/10,GET,200,False,complete,0,0,5,0,0,0,0,0,0,0,0,0,0,0,0,synthetic-run-v1,0,synthetic-legitimate,family-0-010,synthetic-detectiononly,,,legitimate,,False
2026-01-01T00:10:02Z,synthetic-0-010-2,/synthetic/example/10,GET,200,False,complete,0,0,5,0,0,0,0,0,0,0,0,0,0,0,0,synthetic-run-v1,0,synthetic-legitimate,family-0-010,synthetic-detectiononly,,,legitimate,,False
2026-01-01T00:11:00Z,synthetic-0-011-0,/synthetic/example/11,GET,200,False,complete,0,0,5,0,0,0,0,0,0,0,0,0,0,0,0,synthetic-run-v1,0,synthetic-legitimate,family-0-011,synthetic-detectiononly,,,legitimate,,False
2026-01-01T00:11:01Z,synthetic-0-011-1,/synthetic/example/11,GET,200,False,complete,1,2,5,1,0,1,0,0,0,0,0,0,0,0,0,synthetic-run-v1,0,synthetic-legitimate,family-0-011,synthetic-detectiononly,,,legitimate,,False
2026-01-01T00:11:02Z,synthetic-0-011-2,/synthetic/example/11,GET,200,False,complete,0,0,5,0,0,0,0,0,0,0,0,0,0,0,0,synthetic-run-v1,0,synthetic-legitimate,family-0-011,synthetic-detectiononly,,,legitimate,,False
2026-01-01T00:12:00Z,synthetic-0-012-0,/synthetic/example/12,GET,200,False,complete,0,0,5,0,0,0,0,0,0,0,0,0,0,0,0,synthetic-run-v1,0,synthetic-legitimate,family-0-012,synthetic-detectiononly,,,legitimate,,False
2026-01-01T00:12:01Z,synthetic-0-012-1,/synthetic/example/12,GET,200,False,complete,0,0,5,0,0,0,0,0,0,0,0,0,0,0,0,synthetic-run-v1,0,synthetic-legitimate,family-0-012,synthetic-detectiononly,,,legitimate,,False
2026-01-01T00:12:02Z,synthetic-0-012-2,/synthetic/example/12,GET,200,False,complete,2,2,5,2,0,0,0,0,0,0,0,0,0,0,0,synthetic-run-v1,0,synthetic-legitimate,family-0-012,synthetic-detectiononly,,,legitimate,,False
2026-01-01T00:13:00Z,synthetic-0-013-0,/synthetic/example/13,GET,200,False,complete,1,1,5,1,0,0,0,0,0,0,0,0,0,0,0,synthetic-run-v1,0,synthetic-legitimate,family-0-013,synthetic-detectiononly,,,legitimate,,False
2026-01-01T00:13:01Z,synthetic-0-013-1,/synthetic/example/13,GET,200,False,complete,0,0,5,0,0,0,0,0,0,0,0,0,0,0,0,synthetic-run-v1,0,synthetic-legitimate,family-0-013,synthetic-detectiononly,,,legitimate,,False
2026-01-01T00:13:02Z,synthetic-0-013-2,/synthetic/example/13,GET,200,False,complete,0,0,5,0,0,0,0,0,0,0,0,0,0,0,0,synthetic-run-v1,0,synthetic-legitimate,family-0-013,synthetic-detectiononly,,,legitimate,,False
2026-01-01T00:14:00Z,synthetic-0-014-0,/synthetic/example/14,GET,200,False,complete,3,3,5,3,0,0,0,0,0,0,0,0,0,0,0,synthetic-run-v1,0,synthetic-legitimate,family-0-014,synthetic-detectiononly,,,legitimate,,False
2026-01-01T00:14:01Z,synthetic-0-014-1,/synthetic/example/14,GET,200,False,complete,1,1,5,1,0,0,0,0,0,0,0,0,0,0,0,synthetic-run-v1,0,synthetic-legitimate,family-0-014,synthetic-detectiononly,,,legitimate,,False
2026-01-01T00:14:02Z,synthetic-0-014-2,/synthetic/example/14,GET,200,False,complete,1,1,5,1,0,0,0,0,0,0,0,0,0,0,0,synthetic-run-v1,0,synthetic-legitimate,family-0-014,synthetic-detectiononly,,,legitimate,,False
2026-01-01T00:15:00Z,synthetic-0-015-0,/synthetic/example/15,GET,200,False,complete,1,1,5,1,0,0,0,0,0,0,0,0,0,0,0,synthetic-run-v1,0,synthetic-legitimate,family-0-015,synthetic-detectiononly,,,legitimate,,False
2026-01-01T00:15:01Z,synthetic-0-015-1,/synthetic/example/15,GET,200,False,complete,0,0,5,0,0,0,0,0,0,0,0,0,0,0,0,synthetic-run-v1,0,synthetic-legitimate,family-0-015,synthetic-detectiononly,,,legitimate,,False
2026-01-01T00:15:02Z,synthetic-0-015-2,/synthetic/example/15,GET,200,False,complete,1,1,5,1,0,0,0,0,0,0,0,0,0,0,0,synthetic-run-v1,0,synthetic-legitimate,family-0-015,synthetic-detectiononly,,,legitimate,,False
2026-01-01T00:16:00Z,synthetic-0-016-0,/synthetic/example/16,GET,200,False,complete,0,1,5,0,0,1,0,0,0,0,0,0,0,0,0,synthetic-run-v1,0,synthetic-legitimate,family-0-016,synthetic-detectiononly,,,legitimate,,False
2026-01-01T00:16:01Z,synthetic-0-016-1,/synthetic/example/16,GET,200,False,complete,0,1,5,0,0,1,0,0,0,0,0,0,0,0,0,synthetic-run-v1,0,synthetic-legitimate,family-0-016,synthetic-detectiononly,,,legitimate,,False
2026-01-01T00:16:02Z,synthetic-0-016-2,/synthetic/example/16,GET,200,False,complete,2,3,5,2,0,1,0,0,0,0,0,0,0,0,0,synthetic-run-v1,0,synthetic-legitimate,family-0-016,synthetic-detectiononly,,,legitimate,,False
2026-01-01T00:17:00Z,synthetic-0-017-0,/synthetic/example/17,GET,200,False,complete,4,4,5,4,0,0,0,0,0,3,0,0,0,0,0,synthetic-run-v1,0,synthetic-legitimate,family-0-017,synthetic-detectiononly,,,legitimate,,False
2026-01-01T00:17:01Z,synthetic-0-017-1,/synthetic/example/17,GET,200,False,complete,2,3,5,2,0,1,0,0,0,1,0,0,0,0,0,synthetic-run-v1,0,synthetic-legitimate,family-0-017,synthetic-detectiononly,,,legitimate,,False
2026-01-01T00:17:02Z,synthetic-0-017-2,/synthetic/example/17,GET,200,False,partial,0,0,5,0,0,0,0,0,,3,0,0,0,0,0,synthetic-run-v1,0,synthetic-legitimate,family-0-017,synthetic-detectiononly,,,legitimate,,False
2026-01-01T00:18:00Z,synthetic-0-018-0,/synthetic/example/18,GET,200,False,complete,4,4,5,4,0,0,0,0,0,0,0,0,0,0,0,synthetic-run-v1,0,synthetic-legitimate,family-0-018,synthetic-detectiononly,,,legitimate,,False
2026-01-01T00:18:01Z,synthetic-0-018-1,/synthetic/example/18,GET,200,False,complete,0,0,5,0,0,0,0,0,0,0,0,0,0,0,0,synthetic-run-v1,0,synthetic-legitimate,family-0-018,synthetic-detectiononly,,,legitimate,,False
2026-01-01T00:18:02Z,synthetic-0-018-2,/synthetic/example/18,GET,200,False,complete,2,2,5,2,0,0,0,0,0,0,0,0,0,0,0,synthetic-run-v1,0,synthetic-legitimate,family-0-018,synthetic-detectiononly,,,legitimate,,False
2026-01-01T00:19:00Z,synthetic-0-019-0,/synthetic/example/19,GET,200,False,complete,4,4,5,4,0,0,0,0,0,0,0,0,0,0,0,synthetic-run-v1,0,synthetic-legitimate,family-0-019,synthetic-detectiononly,,,legitimate,,False
2026-01-01T00:19:01Z,synthetic-0-019-1,/synthetic/example/19,GET,200,False,complete,0,0,5,0,0,0,0,0,0,0,0,0,0,0,0,synthetic-run-v1,0,synthetic-legitimate,family-0-019,synthetic-detectiononly,,,legitimate,,False
2026-01-01T00:19:02Z,synthetic-0-019-2,/synthetic/example/19,GET,200,False,complete,0,1,5,0,0,1,0,0,0,0,0,0,0,0,0,synthetic-run-v1,0,synthetic-legitimate,family-0-019,synthetic-detectiononly,,,legitimate,,False
2026-01-01T00:20:00Z,synthetic-0-020-0,/synthetic/example/20,GET,200,False,complete,1,1,5,1,0,0,0,0,0,0,0,0,0,0,0,synthetic-run-v1,0,synthetic-legitimate,family-0-020,synthetic-detectiononly,,,legitimate,,False
2026-01-01T00:20:01Z,synthetic-0-020-1,/synthetic/example/20,GET,200,False,complete,0,0,5,0,0,0,0,0,0,0,0,0,0,0,0,synthetic-run-v1,0,synthetic-legitimate,family-0-020,synthetic-detectiononly,,,legitimate,,False
2026-01-01T00:20:02Z,synthetic-0-020-2,/synthetic/example/20,GET,200,False,complete,0,0,5,0,0,0,0,0,0,0,0,0,0,0,0,synthetic-run-v1,0,synthetic-legitimate,family-0-020,synthetic-detectiononly,,,legitimate,,False
2026-01-01T00:21:00Z,synthetic-0-021-0,/synthetic/example/21,GET,200,False,complete,1,1,5,1,0,0,0,0,0,0,0,0,0,0,0,synthetic-run-v1,0,synthetic-legitimate,family-0-021,synthetic-detectiononly,,,legitimate,,False
2026-01-01T00:21:01Z,synthetic-0-021-1,/synthetic/example/21,GET,200,False,complete,0,0,5,0,0,0,0,0,0,0,0,0,0,0,0,synthetic-run-v1,0,synthetic-legitimate,family-0-021,synthetic-detectiononly,,,legitimate,,False
2026-01-01T00:21:02Z,synthetic-0-021-2,/synthetic/example/21,GET,200,False,complete,0,0,5,0,0,0,0,0,0,0,0,0,0,0,0,synthetic-run-v1,0,synthetic-legitimate,family-0-021,synthetic-detectiononly,,,legitimate,,False
2026-01-01T00:22:00Z,synthetic-0-022-0,/synthetic/example/22,GET,200,False,complete,0,0,5,0,0,0,0,0,0,0,0,0,0,0,0,synthetic-run-v1,0,synthetic-legitimate,family-0-022,synthetic-detectiononly,,,legitimate,,False
2026-01-01T00:22:01Z,synthetic-0-022-1,/synthetic/example/22,GET,200,False,complete,0,0,5,0,0,0,0,0,0,0,0,0,0,0,0,synthetic-run-v1,0,synthetic-legitimate,family-0-022,synthetic-detectiononly,,,legitimate,,False
2026-01-01T00:22:02Z,synthetic-0-022-2,/synthetic/example/22,GET,200,False,complete,0,0,5,0,0,0,0,0,0,0,0,0,0,0,0,synthetic-run-v1,0,synthetic-legitimate,family-0-022,synthetic-detectiononly,,,legitimate,,False
2026-01-01T00:23:00Z,synthetic-0-023-0,/synthetic/example/23,GET,200,False,complete,0,1,5,0,0,1,0,0,0,0,0,0,0,0,0,synthetic-run-v1,0,synthetic-legitimate,family-0-023,synthetic-detectiononly,,,legitimate,,False
2026-01-01T00:23:01Z,synthetic-0-023-1,/synthetic/example/23,GET,200,False,complete,4,4,5,4,0,0,0,0,0,0,0,0,0,0,0,synthetic-run-v1,0,synthetic-legitimate,family-0-023,synthetic-detectiononly,,,legitimate,,False
2026-01-01T00:23:02Z,synthetic-0-023-2,/synthetic/example/23,GET,200,False,complete,0,0,5,0,0,0,0,0,0,0,0,0,0,0,0,synthetic-run-v1,0,synthetic-legitimate,family-0-023,synthetic-detectiononly,,,legitimate,,False
2026-01-01T00:24:00Z,synthetic-0-024-0,/synthetic/example/24,GET,200,False,complete,0,0,5,0,0,0,0,0,0,0,0,0,0,0,0,synthetic-run-v1,0,synthetic-legitimate,family-0-024,synthetic-detectiononly,,,legitimate,,False
2026-01-01T00:24:01Z,synthetic-0-024-1,/synthetic/example/24,GET,200,False,complete,0,0,5,0,0,0,0,0,0,0,0,0,0,0,0,synthetic-run-v1,0,synthetic-legitimate,family-0-024,synthetic-detectiononly,,,legitimate,,False
2026-01-01T00:24:02Z,synthetic-0-024-2,/synthetic/example/24,GET,200,False,complete,1,1,5,1,0,0,0,0,0,0,0,0,0,0,0,synthetic-run-v1,0,synthetic-legitimate,family-0-024,synthetic-detectiononly,,,legitimate,,False
2026-01-01T00:25:00Z,synthetic-0-025-0,/synthetic/example/25,GET,200,False,complete,4,5,5,4,0,1,0,0,0,0,0,0,0,0,0,synthetic-run-v1,0,synthetic-legitimate,family-0-025,synthetic-detectiononly,,,legitimate,,False
2026-01-01T00:25:01Z,synthetic-0-025-1,/synthetic/example/25,GET,200,False,complete,0,1,5,0,0,1,0,0,0,0,0,0,0,0,0,synthetic-run-v1,0,synthetic-legitimate,family-0-025,synthetic-detectiononly,,,legitimate,,False
2026-01-01T00:25:02Z,synthetic-0-025-2,/synthetic/example/25,GET,200,False,complete,0,0,5,0,0,0,0,0,0,0,0,0,0,0,0,synthetic-run-v1,0,synthetic-legitimate,family-0-025,synthetic-detectiononly,,,legitimate,,False
2026-01-01T00:26:00Z,synthetic-0-026-0,/synthetic/example/26,GET,200,False,complete,4,4,5,4,0,0,0,0,0,0,0,0,0,0,0,synthetic-run-v1,0,synthetic-legitimate,family-0-026,synthetic-detectiononly,,,legitimate,,False
2026-01-01T00:26:01Z,synthetic-0-026-1,/synthetic/example/26,GET,200,False,complete,4,4,5,4,0,0,0,0,0,0,0,0,0,0,0,synthetic-run-v1,0,synthetic-legitimate,family-0-026,synthetic-detectiononly,,,legitimate,,False
2026-01-01T00:26:02Z,synthetic-0-026-2,/synthetic/example/26,GET,200,False,complete,0,0,5,0,0,0,0,0,0,0,0,0,0,0,0,synthetic-run-v1,0,synthetic-legitimate,family-0-026,synthetic-detectiononly,,,legitimate,,False
2026-01-01T00:27:00Z,synthetic-0-027-0,/synthetic/example/27,GET,200,False,complete,1,1,5,1,0,0,0,0,0,0,0,0,0,0,0,synthetic-run-v1,0,synthetic-legitimate,family-0-027,synthetic-detectiononly,,,legitimate,,False
2026-01-01T00:27:01Z,synthetic-0-027-1,/synthetic/example/27,GET,200,False,complete,2,3,5,2,0,1,0,0,0,0,0,0,0,0,0,synthetic-run-v1,0,synthetic-legitimate,family-0-027,synthetic-detectiononly,,,legitimate,,False
2026-01-01T00:27:02Z,synthetic-0-027-2,/synthetic/example/27,GET,200,False,complete,4,4,5,4,0,0,0,0,0,0,0,0,0,0,0,synthetic-run-v1,0,synthetic-legitimate,family-0-027,synthetic-detectiononly,,,legitimate,,False
2026-01-01T00:28:00Z,synthetic-0-028-0,/synthetic/example/28,GET,200,False,complete,5,5,5,5,0,0,0,0,0,0,0,0,0,0,0,synthetic-run-v1,0,synthetic-legitimate,family-0-028,synthetic-detectiononly,,,legitimate,,False
2026-01-01T00:28:01Z,synthetic-0-028-1,/synthetic/example/28,GET,200,False,complete,2,3,5,2,0,1,0,0,0,0,0,0,0,0,0,synthetic-run-v1,0,synthetic-legitimate,family-0-028,synthetic-detectiononly,,,legitimate,,False
2026-01-01T00:28:02Z,synthetic-0-028-2,/synthetic/example/28,GET,200,False,complete,0,0,5,0,0,0,0,0,0,0,0,0,0,0,0,synthetic-run-v1,0,synthetic-legitimate,family-0-028,synthetic-detectiononly,,,legitimate,,False
2026-01-01T00:29:00Z,synthetic-0-029-0,/synthetic/example/29,GET,200,False,complete,2,2,5,2,0,0,0,0,0,0,0,0,0,0,0,synthetic-run-v1,0,synthetic-legitimate,family-0-029,synthetic-detectiononly,,,legitimate,,False
2026-01-01T00:29:01Z,synthetic-0-029-1,/synthetic/example/29,GET,200,False,complete,5,6,5,5,0,1,0,0,0,0,0,0,0,0,0,synthetic-run-v1,0,synthetic-legitimate,family-0-029,synthetic-detectiononly,,,legitimate,,False
2026-01-01T00:29:02Z,synthetic-0-029-2,/synthetic/example/29,GET,200,False,complete,0,1,5,0,0,1,0,0,0,0,0,0,0,0,0,synthetic-run-v1,0,synthetic-legitimate,family-0-029,synthetic-detectiononly,,,legitimate,,False
2026-01-01T00:30:00Z,synthetic-0-030-0,/synthetic/example/30,GET,200,False,complete,4,4,5,4,0,0,0,0,0,0,0,0,0,0,0,synthetic-run-v1,0,synthetic-legitimate,family-0-030,synthetic-detectiononly,,,legitimate,,False
2026-01-01T00:30:01Z,synthetic-0-030-1,/synthetic/example/30,GET,200,False,complete,1,2,5,1,0,1,0,0,0,0,0,0,0,0,0,synthetic-run-v1,0,synthetic-legitimate,family-0-030,synthetic-detectiononly,,,legitimate,,False
2026-01-01T00:30:02Z,synthetic-0-030-2,/synthetic/example/30,GET,200,False,complete,1,2,5,1,0,1,0,0,0,0,0,0,0,0,0,synthetic-run-v1,0,synthetic-legitimate,family-0-030,synthetic-detectiononly,,,legitimate,,False
2026-01-01T00:31:00Z,synthetic-0-031-0,/synthetic/example/31,GET,200,False,complete,0,0,5,0,0,0,0,0,0,0,0,0,0,0,0,synthetic-run-v1,0,synthetic-legitimate,family-0-031,synthetic-detectiononly,,,legitimate,,False
2026-01-01T00:31:01Z,synthetic-0-031-1,/synthetic/example/31,GET,200,False,complete,0,1,5,0,0,1,0,0,0,0,0,0,0,0,0,synthetic-run-v1,0,synthetic-legitimate,family-0-031,synthetic-detectiononly,,,legitimate,,False
2026-01-01T00:31:02Z,synthetic-0-031-2,/synthetic/example/31,GET,200,False,complete,0,0,5,0,0,0,0,0,0,0,0,0,0,0,0,synthetic-run-v1,0,synthetic-legitimate,family-0-031,synthetic-detectiononly,,,legitimate,,False
2026-01-01T00:32:00Z,synthetic-0-032-0,/synthetic/example/32,GET,200,False,complete,0,0,5,0,0,0,0,0,0,0,0,0,0,0,0,synthetic-run-v1,0,synthetic-legitimate,family-0-032,synthetic-detectiononly,,,legitimate,,False
2026-01-01T00:32:01Z,synthetic-0-032-1,/synthetic/example/32,GET,200,False,complete,0,0,5,0,0,0,0,0,0,0,0,0,0,0,0,synthetic-run-v1,0,synthetic-legitimate,family-0-032,synthetic-detectiononly,,,legitimate,,False
2026-01-01T00:32:02Z,synthetic-0-032-2,/synthetic/example/32,GET,200,False,complete,0,1,5,0,0,1,0,0,0,0,0,0,0,0,0,synthetic-run-v1,0,synthetic-legitimate,family-0-032,synthetic-detectiononly,,,legitimate,,False
2026-01-01T00:33:00Z,synthetic-0-033-0,/synthetic/example/33,GET,200,False,complete,0,0,5,0,0,0,0,0,0,0,0,0,0,0,0,synthetic-run-v1,0,synthetic-legitimate,family-0-033,synthetic-detectiononly,,,legitimate,,False
2026-01-01T00:33:01Z,synthetic-0-033-1,/synthetic/example/33,GET,200,False,complete,0,0,5,0,0,0,0,0,0,0,0,0,0,0,0,synthetic-run-v1,0,synthetic-legitimate,family-0-033,synthetic-detectiononly,,,legitimate,,False
2026-01-01T00:33:02Z,synthetic-0-033-2,/synthetic/example/33,GET,200,False,complete,0,0,5,0,0,0,0,0,0,0,0,0,0,0,0,synthetic-run-v1,0,synthetic-legitimate,family-0-033,synthetic-detectiononly,,,legitimate,,False
2026-01-01T00:34:00Z,synthetic-0-034-0,/synthetic/example/34,GET,200,False,complete,1,2,5,1,0,1,0,0,1,0,0,0,0,0,0,synthetic-run-v1,0,synthetic-legitimate,family-0-034,synthetic-detectiononly,,,legitimate,,False
2026-01-01T00:34:01Z,synthetic-0-034-1,/synthetic/example/34,GET,200,False,complete,0,0,5,0,0,0,0,0,1,0,0,0,0,0,0,synthetic-run-v1,0,synthetic-legitimate,family-0-034,synthetic-detectiononly,,,legitimate,,False
2026-01-01T00:34:02Z,synthetic-0-034-2,/synthetic/example/34,GET,200,False,complete,0,0,5,0,0,0,0,0,5,0,0,0,0,0,0,synthetic-run-v1,0,synthetic-legitimate,family-0-034,synthetic-detectiononly,,,legitimate,,False
2026-01-01T00:35:00Z,synthetic-0-035-0,/synthetic/example/35,GET,200,False,complete,0,0,5,0,0,0,0,0,0,0,0,0,0,0,0,synthetic-run-v1,0,synthetic-legitimate,family-0-035,synthetic-detectiononly,,,legitimate,,False
2026-01-01T00:35:01Z,synthetic-0-035-1,/synthetic/example/35,GET,200,False,partial,0,0,5,0,0,0,0,0,,0,0,0,0,0,0,synthetic-run-v1,0,synthetic-legitimate,family-0-035,synthetic-detectiononly,,,legitimate,,False
2026-01-01T00:35:02Z,synthetic-0-035-2,/synthetic/example/35,GET,200,False,complete,0,1,5,0,0,1,0,0,0,0,0,0,0,0,0,synthetic-run-v1,0,synthetic-legitimate,family-0-035,synthetic-detectiononly,,,legitimate,,False
2026-01-01T00:36:00Z,synthetic-0-036-0,/synthetic/example/36,GET,200,False,complete,0,0,5,0,0,0,0,0,0,0,0,0,0,0,0,synthetic-run-v1,0,synthetic-legitimate,family-0-036,synthetic-detectiononly,,,legitimate,,False
2026-01-01T00:36:01Z,synthetic-0-036-1,/synthetic/example/36,GET,200,False,complete,0,1,5,0,0,1,0,0,0,0,0,0,0,0,0,synthetic-run-v1,0,synthetic-legitimate,family-0-036,synthetic-detectiononly,,,legitimate,,False
2026-01-01T00:36:02Z,synthetic-0-036-2,/synthetic/example/36,GET,200,False,complete,0,0,5,0,0,0,0,0,0,0,0,0,0,0,0,synthetic-run-v1,0,synthetic-legitimate,family-0-036,synthetic-detectiononly,,,legitimate,,False
2026-01-01T00:37:00Z,synthetic-0-037-0,/synthetic/example/37,GET,200,False,complete,0,0,5,0,0,0,0,0,0,0,0,0,0,0,0,synthetic-run-v1,0,synthetic-legitimate,family-0-037,synthetic-detectiononly,,,legitimate,,False
2026-01-01T00:37:01Z,synthetic-0-037-1,/synthetic/example/37,GET,200,False,complete,2,3,5,2,0,1,0,0,0,0,0,0,0,0,0,synthetic-run-v1,0,synthetic-legitimate,family-0-037,synthetic-detectiononly,,,legitimate,,False
2026-01-01T00:37:02Z,synthetic-0-037-2,/synthetic/example/37,GET,200,False,complete,0,1,5,0,0,1,0,0,0,0,0,0,0,0,0,synthetic-run-v1,0,synthetic-legitimate,family-0-037,synthetic-detectiononly,,,legitimate,,False
2026-01-01T00:38:00Z,synthetic-0-038-0,/synthetic/example/38,GET,200,False,complete,0,1,5,0,0,1,0,0,0,0,0,0,0,0,0,synthetic-run-v1,0,synthetic-legitimate,family-0-038,synthetic-detectiononly,,,legitimate,,False
2026-01-01T00:38:01Z,synthetic-0-038-1,/synthetic/example/38,GET,200,False,complete,0,0,5,0,0,0,0,0,0,0,0,0,0,0,0,synthetic-run-v1,0,synthetic-legitimate,family-0-038,synthetic-detectiononly,,,legitimate,,False
2026-01-01T00:38:02Z,synthetic-0-038-2,/synthetic/example/38,GET,200,False,complete,1,1,5,1,0,0,0,0,0,0,0,0,0,0,0,synthetic-run-v1,0,synthetic-legitimate,family-0-038,synthetic-detectiononly,,,legitimate,,False
2026-01-01T00:39:00Z,synthetic-0-039-0,/synthetic/example/39,GET,200,False,complete,2,2,5,2,0,0,0,0,0,0,0,0,0,0,0,synthetic-run-v1,0,synthetic-legitimate,family-0-039,synthetic-detectiononly,,,legitimate,,False
2026-01-01T00:39:01Z,synthetic-0-039-1,/synthetic/example/39,GET,200,False,complete,0,0,5,0,0,0,0,0,0,0,0,0,0,0,0,synthetic-run-v1,0,synthetic-legitimate,family-0-039,synthetic-detectiononly,,,legitimate,,False
2026-01-01T00:39:02Z,synthetic-0-039-2,/synthetic/example/39,GET,200,False,complete,0,0,5,0,0,0,0,0,0,0,0,0,0,0,0,synthetic-run-v1,0,synthetic-legitimate,family-0-039,synthetic-detectiononly,,,legitimate,,False
2026-01-01T00:40:00Z,synthetic-0-040-0,/synthetic/example/40,GET,200,False,complete,2,2,5,2,0,0,0,0,0,0,0,0,0,0,0,synthetic-run-v1,0,synthetic-legitimate,family-0-040,synthetic-detectiononly,,,legitimate,,False
2026-01-01T00:40:01Z,synthetic-0-040-1,/synthetic/example/40,GET,200,False,complete,3,3,5,3,0,0,0,0,0,0,0,0,0,0,0,synthetic-run-v1,0,synthetic-legitimate,family-0-040,synthetic-detectiononly,,,legitimate,,False
2026-01-01T00:40:02Z,synthetic-0-040-2,/synthetic/example/40,GET,200,False,complete,8,8,5,8,0,0,0,0,0,0,0,0,0,0,0,synthetic-run-v1,0,synthetic-legitimate,family-0-040,synthetic-detectiononly,,,legitimate,,False
2026-01-01T00:41:00Z,synthetic-0-041-0,/synthetic/example/41,GET,200,False,complete,3,4,5,3,0,1,0,0,0,0,0,0,0,0,0,synthetic-run-v1,0,synthetic-legitimate,family-0-041,synthetic-detectiononly,,,legitimate,,False
2026-01-01T00:41:01Z,synthetic-0-041-1,/synthetic/example/41,GET,200,False,complete,1,2,5,1,0,1,0,0,0,0,0,0,0,0,0,synthetic-run-v1,0,synthetic-legitimate,family-0-041,synthetic-detectiononly,,,legitimate,,False
2026-01-01T00:41:02Z,synthetic-0-041-2,/synthetic/example/41,GET,200,False,complete,1,1,5,1,0,0,0,0,0,0,0,0,0,0,0,synthetic-run-v1,0,synthetic-legitimate,family-0-041,synthetic-detectiononly,,,legitimate,,False
2026-01-01T00:42:00Z,synthetic-0-042-0,/synthetic/example/42,GET,200,False,complete,0,0,5,0,0,0,0,0,0,0,0,0,0,0,0,synthetic-run-v1,0,synthetic-legitimate,family-0-042,synthetic-detectiononly,,,legitimate,,False
2026-01-01T00:42:01Z,synthetic-0-042-1,/synthetic/example/42,GET,200,False,complete,0,0,5,0,0,0,0,0,0,0,0,0,0,0,0,synthetic-run-v1,0,synthetic-legitimate,family-0-042,synthetic-detectiononly,,,legitimate,,False
2026-01-01T00:42:02Z,synthetic-0-042-2,/synthetic/example/42,GET,200,False,complete,3,3,5,3,0,0,0,0,0,0,0,0,0,0,0,synthetic-run-v1,0,synthetic-legitimate,family-0-042,synthetic-detectiononly,,,legitimate,,False
2026-01-01T00:43:00Z,synthetic-0-043-0,/synthetic/example/43,GET,200,False,complete,2,3,5,2,0,1,0,0,0,0,0,0,0,0,0,synthetic-run-v1,0,synthetic-legitimate,family-0-043,synthetic-detectiononly,,,legitimate,,False
2026-01-01T00:43:01Z,synthetic-0-043-1,/synthetic/example/43,GET,200,False,complete,0,1,5,0,0,1,0,0,0,0,0,0,0,0,0,synthetic-run-v1,0,synthetic-legitimate,family-0-043,synthetic-detectiononly,,,legitimate,,False
2026-01-01T00:43:02Z,synthetic-0-043-2,/synthetic/example/43,GET,200,False,complete,1,1,5,1,0,0,0,0,0,0,0,0,0,0,0,synthetic-run-v1,0,synthetic-legitimate,family-0-043,synthetic-detectiononly,,,legitimate,,False
2026-01-01T00:44:00Z,synthetic-0-044-0,/synthetic/example/44,GET,200,False,complete,0,0,5,0,0,0,0,0,0,0,0,0,0,0,0,synthetic-run-v1,0,synthetic-legitimate,family-0-044,synthetic-detectiononly,,,legitimate,,False
2026-01-01T00:44:01Z,synthetic-0-044-1,/synthetic/example/44,GET,200,False,complete,3,3,5,3,0,0,0,0,0,0,0,0,0,0,0,synthetic-run-v1,0,synthetic-legitimate,family-0-044,synthetic-detectiononly,,,legitimate,,False
2026-01-01T00:44:02Z,synthetic-0-044-2,/synthetic/example/44,GET,200,False,complete,4,4,5,4,0,0,0,0,0,0,0,0,0,0,0,synthetic-run-v1,0,synthetic-legitimate,family-0-044,synthetic-detectiononly,,,legitimate,,False
2026-01-01T00:45:00Z,synthetic-0-045-0,/synthetic/example/45,GET,200,False,complete,1,1,5,1,0,0,0,0,0,0,0,0,0,0,0,synthetic-run-v1,0,synthetic-legitimate,family-0-045,synthetic-detectiononly,,,legitimate,,False
2026-01-01T00:45:01Z,synthetic-0-045-1,/synthetic/example/45,GET,200,False,complete,2,2,5,2,0,0,0,0,0,0,0,0,0,0,0,synthetic-run-v1,0,synthetic-legitimate,family-0-045,synthetic-detectiononly,,,legitimate,,False
2026-01-01T00:45:02Z,synthetic-0-045-2,/synthetic/example/45,GET,200,False,complete,3,4,5,3,0,1,0,0,0,0,0,0,0,0,0,synthetic-run-v1,0,synthetic-legitimate,family-0-045,synthetic-detectiononly,,,legitimate,,False
2026-01-01T00:46:00Z,synthetic-0-046-0,/synthetic/example/46,GET,200,False,complete,3,3,5,3,0,0,0,0,0,0,0,0,0,0,0,synthetic-run-v1,0,synthetic-legitimate,family-0-046,synthetic-detectiononly,,,legitimate,,False
2026-01-01T00:46:01Z,synthetic-0-046-1,/synthetic/example/46,GET,200,False,complete,0,0,5,0,0,0,0,0,0,0,0,0,0,0,0,synthetic-run-v1,0,synthetic-legitimate,family-0-046,synthetic-detectiononly,,,legitimate,,False
2026-01-01T00:46:02Z,synthetic-0-046-2,/synthetic/example/46,GET,200,False,complete,5,5,5,5,0,0,0,0,0,0,0,0,0,0,0,synthetic-run-v1,0,synthetic-legitimate,family-0-046,synthetic-detectiononly,,,legitimate,,False
2026-01-01T00:47:00Z,synthetic-0-047-0,/synthetic/example/47,GET,200,False,complete,1,2,5,1,0,1,0,0,0,0,0,0,0,0,0,synthetic-run-v1,0,synthetic-legitimate,family-0-047,synthetic-detectiononly,,,legitimate,,False
2026-01-01T00:47:01Z,synthetic-0-047-1,/synthetic/example/47,GET,200,False,complete,2,3,5,2,0,1,0,0,0,0,0,0,0,0,0,synthetic-run-v1,0,synthetic-legitimate,family-0-047,synthetic-detectiononly,,,legitimate,,False
2026-01-01T00:47:02Z,synthetic-0-047-2,/synthetic/example/47,GET,200,False,complete,0,0,5,0,0,0,0,0,0,0,0,0,0,0,0,synthetic-run-v1,0,synthetic-legitimate,family-0-047,synthetic-detectiononly,,,legitimate,,False
2026-01-01T00:48:00Z,synthetic-0-048-0,/synthetic/example/48,GET,200,False,complete,4,4,5,4,0,0,0,0,0,0,0,0,0,0,0,synthetic-run-v1,0,synthetic-legitimate,family-0-048,synthetic-detectiononly,,,legitimate,,False
2026-01-01T00:48:01Z,synthetic-0-048-1,/synthetic/example/48,GET,200,False,complete,2,2,5,2,0,0,0,0,0,0,0,0,0,0,0,synthetic-run-v1,0,synthetic-legitimate,family-0-048,synthetic-detectiononly,,,legitimate,,False
2026-01-01T00:48:02Z,synthetic-0-048-2,/synthetic/example/48,GET,200,False,complete,0,1,5,0,0,1,0,0,0,0,0,0,0,0,0,synthetic-run-v1,0,synthetic-legitimate,family-0-048,synthetic-detectiononly,,,legitimate,,False
2026-01-01T00:49:00Z,synthetic-0-049-0,/synthetic/example/49,GET,200,False,complete,0,0,5,0,0,0,0,0,0,0,0,0,0,0,0,synthetic-run-v1,0,synthetic-legitimate,family-0-049,synthetic-detectiononly,,,legitimate,,False
2026-01-01T00:49:01Z,synthetic-0-049-1,/synthetic/example/49,GET,200,False,complete,2,3,5,2,0,1,0,0,0,0,0,0,0,0,0,synthetic-run-v1,0,synthetic-legitimate,family-0-049,synthetic-detectiononly,,,legitimate,,False
2026-01-01T00:49:02Z,synthetic-0-049-2,/synthetic/example/49,GET,200,False,complete,2,2,5,2,0,0,0,0,0,0,0,0,0,0,0,synthetic-run-v1,0,synthetic-legitimate,family-0-049,synthetic-detectiononly,,,legitimate,,False
2026-01-01T00:50:00Z,synthetic-0-050-0,/synthetic/example/50,GET,200,False,complete,8,9,5,8,0,1,0,0,0,0,0,0,0,0,0,synthetic-run-v1,0,synthetic-legitimate,family-0-050,synthetic-detectiononly,,,legitimate,,False
2026-01-01T00:50:01Z,synthetic-0-050-1,/synthetic/example/50,GET,200,False,complete,8,8,5,8,0,0,0,0,0,0,0,0,0,0,0,synthetic-run-v1,0,synthetic-legitimate,family-0-050,synthetic-detectiononly,,,legitimate,,False
2026-01-01T00:50:02Z,synthetic-0-050-2,/synthetic/example/50,GET,200,False,complete,3,3,5,3,0,0,0,0,0,0,0,0,0,0,0,synthetic-run-v1,0,synthetic-legitimate,family-0-050,synthetic-detectiononly,,,legitimate,,False
2026-01-01T00:51:00Z,synthetic-0-051-0,/synthetic/example/51,GET,200,False,complete,1,2,5,1,0,1,0,1,0,0,0,0,0,0,0,synthetic-run-v1,0,synthetic-legitimate,family-0-051,synthetic-detectiononly,,,legitimate,,False
2026-01-01T00:51:01Z,synthetic-0-051-1,/synthetic/example/51,GET,200,False,complete,0,0,5,0,0,0,0,5,0,0,0,0,0,0,0,synthetic-run-v1,0,synthetic-legitimate,family-0-051,synthetic-detectiononly,,,legitimate,,False
2026-01-01T00:51:02Z,synthetic-0-051-2,/synthetic/example/51,GET,200,False,complete,0,1,5,0,0,1,0,1,0,0,0,0,0,0,0,synthetic-run-v1,0,synthetic-legitimate,family-0-051,synthetic-detectiononly,,,legitimate,,False
2026-01-01T00:52:00Z,synthetic-0-052-0,/synthetic/example/52,GET,200,False,complete,0,0,5,0,0,0,0,0,0,0,0,0,0,0,0,synthetic-run-v1,0,synthetic-legitimate,family-0-052,synthetic-detectiononly,,,legitimate,,False
2026-01-01T00:52:01Z,synthetic-0-052-1,/synthetic/example/52,GET,200,False,complete,4,4,5,4,0,0,0,0,0,0,0,0,0,0,0,synthetic-run-v1,0,synthetic-legitimate,family-0-052,synthetic-detectiononly,,,legitimate,,False
2026-01-01T00:52:02Z,synthetic-0-052-2,/synthetic/example/52,GET,200,False,complete,0,1,5,0,0,1,0,0,0,0,0,0,0,0,0,synthetic-run-v1,0,synthetic-legitimate,family-0-052,synthetic-detectiononly,,,legitimate,,False
2026-01-01T00:53:00Z,synthetic-0-053-0,/synthetic/example/53,GET,200,False,partial,0,1,5,0,0,1,0,0,,0,0,0,0,0,0,synthetic-run-v1,0,synthetic-legitimate,family-0-053,synthetic-detectiononly,,,legitimate,,False
2026-01-01T00:53:01Z,synthetic-0-053-1,/synthetic/example/53,GET,200,False,complete,1,1,5,1,0,0,0,0,0,0,0,0,0,0,0,synthetic-run-v1,0,synthetic-legitimate,family-0-053,synthetic-detectiononly,,,legitimate,,False
2026-01-01T00:53:02Z,synthetic-0-053-2,/synthetic/example/53,GET,200,False,complete,2,2,5,2,0,0,0,0,0,0,0,0,0,0,0,synthetic-run-v1,0,synthetic-legitimate,family-0-053,synthetic-detectiononly,,,legitimate,,False
2026-01-01T00:54:00Z,synthetic-0-054-0,/synthetic/example/54,GET,200,False,complete,4,4,5,4,0,0,0,0,0,0,0,0,0,0,0,synthetic-run-v1,0,synthetic-legitimate,family-0-054,synthetic-detectiononly,,,legitimate,,False
2026-01-01T00:54:01Z,synthetic-0-054-1,/synthetic/example/54,GET,200,False,complete,3,4,5,3,0,1,0,0,0,0,0,0,0,0,0,synthetic-run-v1,0,synthetic-legitimate,family-0-054,synthetic-detectiononly,,,legitimate,,False
2026-01-01T00:54:02Z,synthetic-0-054-2,/synthetic/example/54,GET,200,False,complete,0,1,5,0,0,1,0,0,0,0,0,0,0,0,0,synthetic-run-v1,0,synthetic-legitimate,family-0-054,synthetic-detectiononly,,,legitimate,,False
2026-01-01T00:55:00Z,synthetic-0-055-0,/synthetic/example/55,GET,200,False,complete,4,4,5,4,0,0,0,0,0,0,0,0,0,0,0,synthetic-run-v1,0,synthetic-legitimate,family-0-055,synthetic-detectiononly,,,legitimate,,False
2026-01-01T00:55:01Z,synthetic-0-055-1,/synthetic/example/55,GET,200,False,complete,0,0,5,0,0,0,0,0,0,0,0,0,0,0,0,synthetic-run-v1,0,synthetic-legitimate,family-0-055,synthetic-detectiononly,,,legitimate,,False
2026-01-01T00:55:02Z,synthetic-0-055-2,/synthetic/example/55,GET,200,False,complete,0,0,5,0,0,0,0,0,0,0,0,0,0,0,0,synthetic-run-v1,0,synthetic-legitimate,family-0-055,synthetic-detectiononly,,,legitimate,,False
2026-01-01T00:56:00Z,synthetic-0-056-0,/synthetic/example/56,GET,200,False,complete,4,4,5,4,0,0,0,0,0,0,0,0,0,0,0,synthetic-run-v1,0,synthetic-legitimate,family-0-056,synthetic-detectiononly,,,legitimate,,False
2026-01-01T00:56:01Z,synthetic-0-056-1,/synthetic/example/56,GET,200,False,complete,3,4,5,3,0,1,0,0,0,0,0,0,0,0,0,synthetic-run-v1,0,synthetic-legitimate,family-0-056,synthetic-detectiononly,,,legitimate,,False
2026-01-01T00:56:02Z,synthetic-0-056-2,/synthetic/example/56,GET,200,False,complete,2,2,5,2,0,0,0,0,0,0,0,0,0,0,0,synthetic-run-v1,0,synthetic-legitimate,family-0-056,synthetic-detectiononly,,,legitimate,,False
2026-01-01T00:57:00Z,synthetic-0-057-0,/synthetic/example/57,GET,200,False,complete,0,1,5,0,0,1,0,0,0,0,0,0,0,0,0,synthetic-run-v1,0,synthetic-legitimate,family-0-057,synthetic-detectiononly,,,legitimate,,False
2026-01-01T00:57:01Z,synthetic-0-057-1,/synthetic/example/57,GET,200,False,complete,0,1,5,0,0,1,0,0,0,0,0,0,0,0,0,synthetic-run-v1,0,synthetic-legitimate,family-0-057,synthetic-detectiononly,,,legitimate,,False
2026-01-01T00:57:02Z,synthetic-0-057-2,/synthetic/example/57,GET,200,False,complete,3,3,5,3,0,0,0,0,0,0,0,0,0,0,0,synthetic-run-v1,0,synthetic-legitimate,family-0-057,synthetic-detectiononly,,,legitimate,,False
2026-01-01T00:58:00Z,synthetic-0-058-0,/synthetic/example/58,GET,200,False,complete,1,1,5,1,0,0,0,0,0,0,0,0,0,0,0,synthetic-run-v1,0,synthetic-legitimate,family-0-058,synthetic-detectiononly,,,legitimate,,False
2026-01-01T00:58:01Z,synthetic-0-058-1,/synthetic/example/58,GET,200,False,complete,3,3,5,3,0,0,0,0,0,0,0,0,0,0,0,synthetic-run-v1,0,synthetic-legitimate,family-0-058,synthetic-detectiononly,,,legitimate,,False
2026-01-01T00:58:02Z,synthetic-0-058-2,/synthetic/example/58,GET,200,False,complete,0,1,5,0,0,1,0,0,0,0,0,0,0,0,0,synthetic-run-v1,0,synthetic-legitimate,family-0-058,synthetic-detectiononly,,,legitimate,,False
2026-01-01T00:59:00Z,synthetic-0-059-0,/synthetic/example/59,GET,200,False,complete,0,0,5,0,0,0,0,0,0,0,0,0,0,0,0,synthetic-run-v1,0,synthetic-legitimate,family-0-059,synthetic-detectiononly,,,legitimate,,False
2026-01-01T00:59:01Z,synthetic-0-059-1,/synthetic/example/59,GET,200,False,complete,0,0,5,0,0,0,0,0,0,0,0,0,0,0,0,synthetic-run-v1,0,synthetic-legitimate,family-0-059,synthetic-detectiononly,,,legitimate,,False
2026-01-01T00:59:02Z,synthetic-0-059-2,/synthetic/example/59,GET,200,False,complete,0,0,5,0,0,0,0,0,0,0,0,0,0,0,0,synthetic-run-v1,0,synthetic-legitimate,family-0-059,synthetic-detectiononly,,,legitimate,,False
2026-01-01T00:00:00Z,synthetic-0-060-0,/synthetic/example/60,GET,200,False,complete,0,1,5,0,0,1,0,0,0,0,0,0,0,0,0,synthetic-run-v1,0,synthetic-legitimate,family-0-060,synthetic-detectiononly,,,legitimate,,False
2026-01-01T00:00:01Z,synthetic-0-060-1,/synthetic/example/60,GET,200,False,complete,0,0,5,0,0,0,0,0,0,0,0,0,0,0,0,synthetic-run-v1,0,synthetic-legitimate,family-0-060,synthetic-detectiononly,,,legitimate,,False
2026-01-01T00:00:02Z,synthetic-0-060-2,/synthetic/example/60,GET,200,False,complete,8,8,5,8,0,0,0,0,0,0,0,0,0,0,0,synthetic-run-v1,0,synthetic-legitimate,family-0-060,synthetic-detectiononly,,,legitimate,,False
2026-01-01T00:01:00Z,synthetic-0-061-0,/synthetic/example/61,GET,200,False,complete,0,0,5,0,0,0,0,0,0,0,0,0,0,0,0,synthetic-run-v1,0,synthetic-legitimate,family-0-061,synthetic-detectiononly,,,legitimate,,False
2026-01-01T00:01:01Z,synthetic-0-061-1,/synthetic/example/61,GET,200,False,complete,2,2,5,2,0,0,0,0,0,0,0,0,0,0,0,synthetic-run-v1,0,synthetic-legitimate,family-0-061,synthetic-detectiononly,,,legitimate,,False
2026-01-01T00:01:02Z,synthetic-0-061-2,/synthetic/example/61,GET,200,False,complete,1,2,5,1,0,1,0,0,0,0,0,0,0,0,0,synthetic-run-v1,0,synthetic-legitimate,family-0-061,synthetic-detectiononly,,,legitimate,,False
2026-01-01T00:02:00Z,synthetic-0-062-0,/synthetic/example/62,GET,200,False,complete,0,0,5,0,0,0,0,0,0,0,0,0,0,0,0,synthetic-run-v1,0,synthetic-legitimate,family-0-062,synthetic-detectiononly,,,legitimate,,False
2026-01-01T00:02:01Z,synthetic-0-062-1,/synthetic/example/62,GET,200,False,complete,0,0,5,0,0,0,0,0,0,0,0,0,0,0,0,synthetic-run-v1,0,synthetic-legitimate,family-0-062,synthetic-detectiononly,,,legitimate,,False
2026-01-01T00:02:02Z,synthetic-0-062-2,/synthetic/example/62,GET,200,False,complete,8,8,5,8,0,0,0,0,0,0,0,0,0,0,0,synthetic-run-v1,0,synthetic-legitimate,family-0-062,synthetic-detectiononly,,,legitimate,,False
2026-01-01T00:03:00Z,synthetic-0-063-0,/synthetic/example/63,GET,200,False,complete,8,9,5,8,0,1,0,0,0,0,0,0,0,0,0,synthetic-run-v1,0,synthetic-legitimate,family-0-063,synthetic-detectiononly,,,legitimate,,False
2026-01-01T00:03:01Z,synthetic-0-063-1,/synthetic/example/63,GET,200,False,complete,1,1,5,1,0,0,0,0,0,0,0,0,0,0,0,synthetic-run-v1,0,synthetic-legitimate,family-0-063,synthetic-detectiononly,,,legitimate,,False
2026-01-01T00:03:02Z,synthetic-0-063-2,/synthetic/example/63,GET,200,False,complete,0,0,5,0,0,0,0,0,0,0,0,0,0,0,0,synthetic-run-v1,0,synthetic-legitimate,family-0-063,synthetic-detectiononly,,,legitimate,,False
2026-01-01T00:04:00Z,synthetic-0-064-0,/synthetic/example/64,GET,200,False,complete,5,5,5,5,0,0,0,0,0,0,0,0,0,0,0,synthetic-run-v1,0,synthetic-legitimate,family-0-064,synthetic-detectiononly,,,legitimate,,False
2026-01-01T00:04:01Z,synthetic-0-064-1,/synthetic/example/64,GET,200,False,complete,1,2,5,1,0,1,0,0,0,0,0,0,0,0,0,synthetic-run-v1,0,synthetic-legitimate,family-0-064,synthetic-detectiononly,,,legitimate,,False
2026-01-01T00:04:02Z,synthetic-0-064-2,/synthetic/example/64,GET,200,False,complete,4,5,5,4,0,1,0,0,0,0,0,0,0,0,0,synthetic-run-v1,0,synthetic-legitimate,family-0-064,synthetic-detectiononly,,,legitimate,,False
2026-01-01T00:05:00Z,synthetic-0-065-0,/synthetic/example/65,GET,200,False,complete,0,0,5,0,0,0,0,0,0,0,0,0,0,0,0,synthetic-run-v1,0,synthetic-legitimate,family-0-065,synthetic-detectiononly,,,legitimate,,False
2026-01-01T00:05:01Z,synthetic-0-065-1,/synthetic/example/65,GET,200,False,complete,4,4,5,4,0,0,0,0,0,0,0,0,0,0,0,synthetic-run-v1,0,synthetic-legitimate,family-0-065,synthetic-detectiononly,,,legitimate,,False
2026-01-01T00:05:02Z,synthetic-0-065-2,/synthetic/example/65,GET,200,False,complete,5,5,5,5,0,0,0,0,0,0,0,0,0,0,0,synthetic-run-v1,0,synthetic-legitimate,family-0-065,synthetic-detectiononly,,,legitimate,,False
2026-01-01T00:06:00Z,synthetic-0-066-0,/synthetic/example/66,GET,200,False,complete,0,0,5,0,0,0,0,0,0,0,0,0,0,0,0,synthetic-run-v1,0,synthetic-legitimate,family-0-066,synthetic-detectiononly,,,legitimate,,False
2026-01-01T00:06:01Z,synthetic-0-066-1,/synthetic/example/66,GET,200,False,complete,0,0,5,0,0,0,0,0,0,0,0,0,0,0,0,synthetic-run-v1,0,synthetic-legitimate,family-0-066,synthetic-detectiononly,,,legitimate,,False
2026-01-01T00:06:02Z,synthetic-0-066-2,/synthetic/example/66,GET,200,False,complete,0,0,5,0,0,0,0,0,0,0,0,0,0,0,0,synthetic-run-v1,0,synthetic-legitimate,family-0-066,synthetic-detectiononly,,,legitimate,,False
2026-01-01T00:07:00Z,synthetic-0-067-0,/synthetic/example/67,GET,200,False,complete,1,2,5,1,0,1,0,0,0,0,0,0,0,0,0,synthetic-run-v1,0,synthetic-legitimate,family-0-067,synthetic-detectiononly,,,legitimate,,False
2026-01-01T00:07:01Z,synthetic-0-067-1,/synthetic/example/67,GET,200,False,complete,2,3,5,2,0,1,0,0,0,0,0,0,0,0,0,synthetic-run-v1,0,synthetic-legitimate,family-0-067,synthetic-detectiononly,,,legitimate,,False
2026-01-01T00:07:02Z,synthetic-0-067-2,/synthetic/example/67,GET,200,False,complete,0,0,5,0,0,0,0,0,0,0,0,0,0,0,0,synthetic-run-v1,0,synthetic-legitimate,family-0-067,synthetic-detectiononly,,,legitimate,,False
2026-01-01T00:08:00Z,synthetic-0-068-0,/synthetic/example/68,GET,200,False,complete,3,3,5,3,0,0,0,0,0,5,0,0,0,0,0,synthetic-run-v1,0,synthetic-legitimate,family-0-068,synthetic-detectiononly,,,legitimate,,False
2026-01-01T00:08:01Z,synthetic-0-068-1,/synthetic/example/68,GET,200,False,complete,0,0,5,0,0,0,0,0,0,1,0,0,0,0,0,synthetic-run-v1,0,synthetic-legitimate,family-0-068,synthetic-detectiononly,,,legitimate,,False
2026-01-01T00:08:02Z,synthetic-0-068-2,/synthetic/example/68,GET,200,False,complete,8,9,5,8,0,1,0,0,0,3,0,0,0,0,0,synthetic-run-v1,0,synthetic-legitimate,family-0-068,synthetic-detectiononly,,,legitimate,,False
2026-01-01T00:09:00Z,synthetic-0-069-0,/synthetic/example/69,GET,200,False,complete,1,1,5,1,0,0,0,0,0,0,0,0,0,0,0,synthetic-run-v1,0,synthetic-legitimate,family-0-069,synthetic-detectiononly,,,legitimate,,False
2026-01-01T00:09:01Z,synthetic-0-069-1,/synthetic/example/69,GET,200,False,complete,4,4,5,4,0,0,0,0,0,0,0,0,0,0,0,synthetic-run-v1,0,synthetic-legitimate,family-0-069,synthetic-detectiononly,,,legitimate,,False
2026-01-01T00:09:02Z,synthetic-0-069-2,/synthetic/example/69,GET,200,False,complete,0,0,5,0,0,0,0,0,0,0,0,0,0,0,0,synthetic-run-v1,0,synthetic-legitimate,family-0-069,synthetic-detectiononly,,,legitimate,,False
2026-01-01T00:10:00Z,synthetic-0-070-0,/synthetic/example/70,GET,200,False,complete,2,2,5,2,0,0,0,0,0,0,0,0,0,0,0,synthetic-run-v1,0,synthetic-legitimate,family-0-070,synthetic-detectiononly,,,legitimate,,False
2026-01-01T00:10:01Z,synthetic-0-070-1,/synthetic/example/70,GET,200,False,complete,2,2,5,2,0,0,0,0,0,0,0,0,0,0,0,synthetic-run-v1,0,synthetic-legitimate,family-0-070,synthetic-detectiononly,,,legitimate,,False
2026-01-01T00:10:02Z,synthetic-0-070-2,/synthetic/example/70,GET,200,False,partial,0,0,5,0,0,0,0,0,,0,0,0,0,0,0,synthetic-run-v1,0,synthetic-legitimate,family-0-070,synthetic-detectiononly,,,legitimate,,False
2026-01-01T00:11:00Z,synthetic-0-071-0,/synthetic/example/71,GET,200,False,complete,3,3,5,3,0,0,0,0,0,0,0,0,0,0,0,synthetic-run-v1,0,synthetic-legitimate,family-0-071,synthetic-detectiononly,,,legitimate,,False
2026-01-01T00:11:01Z,synthetic-0-071-1,/synthetic/example/71,GET,200,False,complete,0,0,5,0,0,0,0,0,0,0,0,0,0,0,0,synthetic-run-v1,0,synthetic-legitimate,family-0-071,synthetic-detectiononly,,,legitimate,,False
2026-01-01T00:11:02Z,synthetic-0-071-2,/synthetic/example/71,GET,200,False,complete,2,2,5,2,0,0,0,0,0,0,0,0,0,0,0,synthetic-run-v1,0,synthetic-legitimate,family-0-071,synthetic-detectiononly,,,legitimate,,False
2026-01-01T00:12:00Z,synthetic-0-072-0,/synthetic/example/72,GET,200,False,complete,0,0,5,0,0,0,0,0,0,0,0,0,0,0,0,synthetic-run-v1,0,synthetic-legitimate,family-0-072,synthetic-detectiononly,,,legitimate,,False
2026-01-01T00:12:01Z,synthetic-0-072-1,/synthetic/example/72,GET,200,False,complete,1,1,5,1,0,0,0,0,0,0,0,0,0,0,0,synthetic-run-v1,0,synthetic-legitimate,family-0-072,synthetic-detectiononly,,,legitimate,,False
2026-01-01T00:12:02Z,synthetic-0-072-2,/synthetic/example/72,GET,200,False,complete,5,5,5,5,0,0,0,0,0,0,0,0,0,0,0,synthetic-run-v1,0,synthetic-legitimate,family-0-072,synthetic-detectiononly,,,legitimate,,False
2026-01-01T00:13:00Z,synthetic-0-073-0,/synthetic/example/73,GET,200,False,complete,3,3,5,3,0,0,0,0,0,0,0,0,0,0,0,synthetic-run-v1,0,synthetic-legitimate,family-0-073,synthetic-detectiononly,,,legitimate,,False
2026-01-01T00:13:01Z,synthetic-0-073-1,/synthetic/example/73,GET,200,False,complete,5,5,5,5,0,0,0,0,0,0,0,0,0,0,0,synthetic-run-v1,0,synthetic-legitimate,family-0-073,synthetic-detectiononly,,,legitimate,,False
2026-01-01T00:13:02Z,synthetic-0-073-2,/synthetic/example/73,GET,200,False,complete,0,0,5,0,0,0,0,0,0,0,0,0,0,0,0,synthetic-run-v1,0,synthetic-legitimate,family-0-073,synthetic-detectiononly,,,legitimate,,False
2026-01-01T00:14:00Z,synthetic-0-074-0,/synthetic/example/74,GET,200,False,complete,1,1,5,1,0,0,0,0,0,0,0,0,0,0,0,synthetic-run-v1,0,synthetic-legitimate,family-0-074,synthetic-detectiononly,,,legitimate,,False
2026-01-01T00:14:01Z,synthetic-0-074-1,/synthetic/example/74,GET,200,False,complete,0,0,5,0,0,0,0,0,0,0,0,0,0,0,0,synthetic-run-v1,0,synthetic-legitimate,family-0-074,synthetic-detectiononly,,,legitimate,,False
2026-01-01T00:14:02Z,synthetic-0-074-2,/synthetic/example/74,GET,200,False,complete,1,1,5,1,0,0,0,0,0,0,0,0,0,0,0,synthetic-run-v1,0,synthetic-legitimate,family-0-074,synthetic-detectiononly,,,legitimate,,False
2026-01-01T00:15:00Z,synthetic-0-075-0,/synthetic/example/75,GET,200,False,complete,4,4,5,4,0,0,0,0,0,0,0,0,0,0,0,synthetic-run-v1,0,synthetic-legitimate,family-0-075,synthetic-detectiononly,,,legitimate,,False
2026-01-01T00:15:01Z,synthetic-0-075-1,/synthetic/example/75,GET,200,False,complete,4,4,5,4,0,0,0,0,0,0,0,0,0,0,0,synthetic-run-v1,0,synthetic-legitimate,family-0-075,synthetic-detectiononly,,,legitimate,,False
2026-01-01T00:15:02Z,synthetic-0-075-2,/synthetic/example/75,GET,200,False,complete,0,1,5,0,0,1,0,0,0,0,0,0,0,0,0,synthetic-run-v1,0,synthetic-legitimate,family-0-075,synthetic-detectiononly,,,legitimate,,False
2026-01-01T00:16:00Z,synthetic-0-076-0,/synthetic/example/76,GET,200,False,complete,0,0,5,0,0,0,0,0,0,0,0,0,0,0,0,synthetic-run-v1,0,synthetic-legitimate,family-0-076,synthetic-detectiononly,,,legitimate,,False
2026-01-01T00:16:01Z,synthetic-0-076-1,/synthetic/example/76,GET,200,False,complete,2,2,5,2,0,0,0,0,0,0,0,0,0,0,0,synthetic-run-v1,0,synthetic-legitimate,family-0-076,synthetic-detectiononly,,,legitimate,,False
2026-01-01T00:16:02Z,synthetic-0-076-2,/synthetic/example/76,GET,200,False,complete,0,0,5,0,0,0,0,0,0,0,0,0,0,0,0,synthetic-run-v1,0,synthetic-legitimate,family-0-076,synthetic-detectiononly,,,legitimate,,False
2026-01-01T00:17:00Z,synthetic-0-077-0,/synthetic/example/77,GET,200,False,complete,4,4,5,4,0,0,0,0,0,0,0,0,0,0,0,synthetic-run-v1,0,synthetic-legitimate,family-0-077,synthetic-detectiononly,,,legitimate,,False
2026-01-01T00:17:01Z,synthetic-0-077-1,/synthetic/example/77,GET,200,False,complete,0,0,5,0,0,0,0,0,0,0,0,0,0,0,0,synthetic-run-v1,0,synthetic-legitimate,family-0-077,synthetic-detectiononly,,,legitimate,,False
2026-01-01T00:17:02Z,synthetic-0-077-2,/synthetic/example/77,GET,200,False,complete,2,3,5,2,0,1,0,0,0,0,0,0,0,0,0,synthetic-run-v1,0,synthetic-legitimate,family-0-077,synthetic-detectiononly,,,legitimate,,False
2026-01-01T00:18:00Z,synthetic-0-078-0,/synthetic/example/78,GET,200,False,complete,0,0,5,0,0,0,0,0,0,0,0,0,0,0,0,synthetic-run-v1,0,synthetic-legitimate,family-0-078,synthetic-detectiononly,,,legitimate,,False
2026-01-01T00:18:01Z,synthetic-0-078-1,/synthetic/example/78,GET,200,False,complete,0,1,5,0,0,1,0,0,0,0,0,0,0,0,0,synthetic-run-v1,0,synthetic-legitimate,family-0-078,synthetic-detectiononly,,,legitimate,,False
2026-01-01T00:18:02Z,synthetic-0-078-2,/synthetic/example/78,GET,200,False,complete,0,0,5,0,0,0,0,0,0,0,0,0,0,0,0,synthetic-run-v1,0,synthetic-legitimate,family-0-078,synthetic-detectiononly,,,legitimate,,False
2026-01-01T00:19:00Z,synthetic-0-079-0,/synthetic/example/79,GET,200,False,complete,0,1,5,0,0,1,0,0,0,0,0,0,0,0,0,synthetic-run-v1,0,synthetic-legitimate,family-0-079,synthetic-detectiononly,,,legitimate,,False
2026-01-01T00:19:01Z,synthetic-0-079-1,/synthetic/example/79,GET,200,False,complete,3,3,5,3,0,0,0,0,0,0,0,0,0,0,0,synthetic-run-v1,0,synthetic-legitimate,family-0-079,synthetic-detectiononly,,,legitimate,,False
2026-01-01T00:19:02Z,synthetic-0-079-2,/synthetic/example/79,GET,200,False,complete,0,0,5,0,0,0,0,0,0,0,0,0,0,0,0,synthetic-run-v1,0,synthetic-legitimate,family-0-079,synthetic-detectiononly,,,legitimate,,False
2026-01-01T00:20:00Z,synthetic-0-080-0,/synthetic/example/80,GET,200,False,complete,1,2,5,1,0,1,0,0,0,0,0,0,0,0,0,synthetic-run-v1,0,synthetic-legitimate,family-0-080,synthetic-detectiononly,,,legitimate,,False
2026-01-01T00:20:01Z,synthetic-0-080-1,/synthetic/example/80,GET,200,False,complete,5,5,5,5,0,0,0,0,0,0,0,0,0,0,0,synthetic-run-v1,0,synthetic-legitimate,family-0-080,synthetic-detectiononly,,,legitimate,,False
2026-01-01T00:20:02Z,synthetic-0-080-2,/synthetic/example/80,GET,200,False,complete,0,1,5,0,0,1,0,0,0,0,0,0,0,0,0,synthetic-run-v1,0,synthetic-legitimate,family-0-080,synthetic-detectiononly,,,legitimate,,False
2026-01-01T00:21:00Z,synthetic-0-081-0,/synthetic/example/81,GET,200,False,complete,2,2,5,2,0,0,0,0,0,0,0,0,0,0,0,synthetic-run-v1,0,synthetic-legitimate,family-0-081,synthetic-detectiononly,,,legitimate,,False
2026-01-01T00:21:01Z,synthetic-0-081-1,/synthetic/example/81,GET,200,False,complete,1,2,5,1,0,1,0,0,0,0,0,0,0,0,0,synthetic-run-v1,0,synthetic-legitimate,family-0-081,synthetic-detectiononly,,,legitimate,,False
2026-01-01T00:21:02Z,synthetic-0-081-2,/synthetic/example/81,GET,200,False,complete,0,0,5,0,0,0,0,0,0,0,0,0,0,0,0,synthetic-run-v1,0,synthetic-legitimate,family-0-081,synthetic-detectiononly,,,legitimate,,False
2026-01-01T00:22:00Z,synthetic-0-082-0,/synthetic/example/82,GET,200,False,complete,4,4,5,4,0,0,0,0,0,0,0,0,0,0,0,synthetic-run-v1,0,synthetic-legitimate,family-0-082,synthetic-detectiononly,,,legitimate,,False
2026-01-01T00:22:01Z,synthetic-0-082-1,/synthetic/example/82,GET,200,False,complete,3,4,5,3,0,1,0,0,0,0,0,0,0,0,0,synthetic-run-v1,0,synthetic-legitimate,family-0-082,synthetic-detectiononly,,,legitimate,,False
2026-01-01T00:22:02Z,synthetic-0-082-2,/synthetic/example/82,GET,200,False,complete,0,0,5,0,0,0,0,0,0,0,0,0,0,0,0,synthetic-run-v1,0,synthetic-legitimate,family-0-082,synthetic-detectiononly,,,legitimate,,False
2026-01-01T00:23:00Z,synthetic-0-083-0,/synthetic/example/83,GET,200,False,complete,1,1,5,1,0,0,0,0,0,0,0,0,0,0,0,synthetic-run-v1,0,synthetic-legitimate,family-0-083,synthetic-detectiononly,,,legitimate,,False
2026-01-01T00:23:01Z,synthetic-0-083-1,/synthetic/example/83,GET,200,False,complete,0,1,5,0,0,1,0,0,0,0,0,0,0,0,0,synthetic-run-v1,0,synthetic-legitimate,family-0-083,synthetic-detectiononly,,,legitimate,,False
2026-01-01T00:23:02Z,synthetic-0-083-2,/synthetic/example/83,GET,200,False,complete,0,0,5,0,0,0,0,0,0,0,0,0,0,0,0,synthetic-run-v1,0,synthetic-legitimate,family-0-083,synthetic-detectiononly,,,legitimate,,False
2026-01-01T00:24:00Z,synthetic-0-084-0,/synthetic/example/84,GET,200,False,complete,3,3,5,3,0,0,0,0,0,0,0,0,0,0,0,synthetic-run-v1,0,synthetic-legitimate,family-0-084,synthetic-detectiononly,,,legitimate,,False
2026-01-01T00:24:01Z,synthetic-0-084-1,/synthetic/example/84,GET,200,False,complete,2,2,5,2,0,0,0,0,0,0,0,0,0,0,0,synthetic-run-v1,0,synthetic-legitimate,family-0-084,synthetic-detectiononly,,,legitimate,,False
2026-01-01T00:24:02Z,synthetic-0-084-2,/synthetic/example/84,GET,200,False,complete,1,1,5,1,0,0,0,0,0,0,0,0,0,0,0,synthetic-run-v1,0,synthetic-legitimate,family-0-084,synthetic-detectiononly,,,legitimate,,False
2026-01-01T00:25:00Z,synthetic-0-085-0,/synthetic/example/85,GET,200,False,complete,5,6,5,5,0,1,0,0,5,0,0,0,0,0,0,synthetic-run-v1,0,synthetic-legitimate,family-0-085,synthetic-detectiononly,,,legitimate,,False
2026-01-01T00:25:01Z,synthetic-0-085-1,/synthetic/example/85,GET,200,False,complete,2,3,5,2,0,1,0,0,3,0,0,0,0,0,0,synthetic-run-v1,0,synthetic-legitimate,family-0-085,synthetic-detectiononly,,,legitimate,,False
2026-01-01T00:25:02Z,synthetic-0-085-2,/synthetic/example/85,GET,200,False,complete,0,0,5,0,0,0,0,0,3,0,0,0,0,0,0,synthetic-run-v1,0,synthetic-legitimate,family-0-085,synthetic-detectiononly,,,legitimate,,False
2026-01-01T00:26:00Z,synthetic-0-086-0,/synthetic/example/86,GET,200,False,complete,1,1,5,1,0,0,0,0,0,0,0,0,0,0,0,synthetic-run-v1,0,synthetic-legitimate,family-0-086,synthetic-detectiononly,,,legitimate,,False
2026-01-01T00:26:01Z,synthetic-0-086-1,/synthetic/example/86,GET,200,False,complete,4,4,5,4,0,0,0,0,0,0,0,0,0,0,0,synthetic-run-v1,0,synthetic-legitimate,family-0-086,synthetic-detectiononly,,,legitimate,,False
2026-01-01T00:26:02Z,synthetic-0-086-2,/synthetic/example/86,GET,200,False,complete,3,3,5,3,0,0,0,0,0,0,0,0,0,0,0,synthetic-run-v1,0,synthetic-legitimate,family-0-086,synthetic-detectiononly,,,legitimate,,False
2026-01-01T00:27:00Z,synthetic-0-087-0,/synthetic/example/87,GET,200,False,complete,4,4,5,4,0,0,0,0,0,0,0,0,0,0,0,synthetic-run-v1,0,synthetic-legitimate,family-0-087,synthetic-detectiononly,,,legitimate,,False
2026-01-01T00:27:01Z,synthetic-0-087-1,/synthetic/example/87,GET,200,False,complete,0,0,5,0,0,0,0,0,0,0,0,0,0,0,0,synthetic-run-v1,0,synthetic-legitimate,family-0-087,synthetic-detectiononly,,,legitimate,,False
2026-01-01T00:27:02Z,synthetic-0-087-2,/synthetic/example/87,GET,200,False,complete,0,0,5,0,0,0,0,0,0,0,0,0,0,0,0,synthetic-run-v1,0,synthetic-legitimate,family-0-087,synthetic-detectiononly,,,legitimate,,False
2026-01-01T00:28:00Z,synthetic-0-088-0,/synthetic/example/88,GET,200,False,complete,1,1,5,1,0,0,0,0,0,0,0,0,0,0,0,synthetic-run-v1,0,synthetic-legitimate,family-0-088,synthetic-detectiononly,,,legitimate,,False
2026-01-01T00:28:01Z,synthetic-0-088-1,/synthetic/example/88,GET,200,False,partial,0,1,5,0,0,1,0,0,,0,0,0,0,0,0,synthetic-run-v1,0,synthetic-legitimate,family-0-088,synthetic-detectiononly,,,legitimate,,False
2026-01-01T00:28:02Z,synthetic-0-088-2,/synthetic/example/88,GET,200,False,complete,3,4,5,3,0,1,0,0,0,0,0,0,0,0,0,synthetic-run-v1,0,synthetic-legitimate,family-0-088,synthetic-detectiononly,,,legitimate,,False
2026-01-01T00:29:00Z,synthetic-0-089-0,/synthetic/example/89,GET,200,False,complete,0,1,5,0,0,1,0,0,0,0,0,0,0,0,0,synthetic-run-v1,0,synthetic-legitimate,family-0-089,synthetic-detectiononly,,,legitimate,,False
2026-01-01T00:29:01Z,synthetic-0-089-1,/synthetic/example/89,GET,200,False,complete,1,1,5,1,0,0,0,0,0,0,0,0,0,0,0,synthetic-run-v1,0,synthetic-legitimate,family-0-089,synthetic-detectiononly,,,legitimate,,False
2026-01-01T00:29:02Z,synthetic-0-089-2,/synthetic/example/89,GET,200,False,complete,2,2,5,2,0,0,0,0,0,0,0,0,0,0,0,synthetic-run-v1,0,synthetic-legitimate,family-0-089,synthetic-detectiononly,,,legitimate,,False
2026-01-01T00:30:00Z,synthetic-0-090-0,/synthetic/example/90,GET,200,False,complete,3,3,5,3,0,0,0,0,0,0,0,0,0,0,0,synthetic-run-v1,0,synthetic-legitimate,family-0-090,synthetic-detectiononly,,,legitimate,,False
2026-01-01T00:30:01Z,synthetic-0-090-1,/synthetic/example/90,GET,200,False,complete,0,0,5,0,0,0,0,0,0,0,0,0,0,0,0,synthetic-run-v1,0,synthetic-legitimate,family-0-090,synthetic-detectiononly,,,legitimate,,False
2026-01-01T00:30:02Z,synthetic-0-090-2,/synthetic/example/90,GET,200,False,complete,5,5,5,5,0,0,0,0,0,0,0,0,0,0,0,synthetic-run-v1,0,synthetic-legitimate,family-0-090,synthetic-detectiononly,,,legitimate,,False
2026-01-01T00:31:00Z,synthetic-0-091-0,/synthetic/example/91,GET,200,False,complete,0,0,5,0,0,0,0,0,0,0,0,0,0,0,0,synthetic-run-v1,0,synthetic-legitimate,family-0-091,synthetic-detectiononly,,,legitimate,,False
2026-01-01T00:31:01Z,synthetic-0-091-1,/synthetic/example/91,GET,200,False,complete,0,1,5,0,0,1,0,0,0,0,0,0,0,0,0,synthetic-run-v1,0,synthetic-legitimate,family-0-091,synthetic-detectiononly,,,legitimate,,False
2026-01-01T00:31:02Z,synthetic-0-091-2,/synthetic/example/91,GET,200,False,complete,2,2,5,2,0,0,0,0,0,0,0,0,0,0,0,synthetic-run-v1,0,synthetic-legitimate,family-0-091,synthetic-detectiononly,,,legitimate,,False
2026-01-01T00:32:00Z,synthetic-0-092-0,/synthetic/example/92,GET,200,False,complete,2,3,5,2,0,1,0,0,0,0,0,0,0,0,0,synthetic-run-v1,0,synthetic-legitimate,family-0-092,synthetic-detectiononly,,,legitimate,,False
2026-01-01T00:32:01Z,synthetic-0-092-1,/synthetic/example/92,GET,200,False,complete,2,2,5,2,0,0,0,0,0,0,0,0,0,0,0,synthetic-run-v1,0,synthetic-legitimate,family-0-092,synthetic-detectiononly,,,legitimate,,False
2026-01-01T00:32:02Z,synthetic-0-092-2,/synthetic/example/92,GET,200,False,complete,2,3,5,2,0,1,0,0,0,0,0,0,0,0,0,synthetic-run-v1,0,synthetic-legitimate,family-0-092,synthetic-detectiononly,,,legitimate,,False
2026-01-01T00:33:00Z,synthetic-0-093-0,/synthetic/example/93,GET,200,False,complete,0,0,5,0,0,0,0,0,0,0,0,0,0,0,0,synthetic-run-v1,0,synthetic-legitimate,family-0-093,synthetic-detectiononly,,,legitimate,,False
2026-01-01T00:33:01Z,synthetic-0-093-1,/synthetic/example/93,GET,200,False,complete,0,0,5,0,0,0,0,0,0,0,0,0,0,0,0,synthetic-run-v1,0,synthetic-legitimate,family-0-093,synthetic-detectiononly,,,legitimate,,False
2026-01-01T00:33:02Z,synthetic-0-093-2,/synthetic/example/93,GET,200,False,complete,5,6,5,5,0,1,0,0,0,0,0,0,0,0,0,synthetic-run-v1,0,synthetic-legitimate,family-0-093,synthetic-detectiononly,,,legitimate,,False
2026-01-01T00:34:00Z,synthetic-0-094-0,/synthetic/example/94,GET,200,False,complete,1,2,5,1,0,1,0,0,0,0,0,0,0,0,0,synthetic-run-v1,0,synthetic-legitimate,family-0-094,synthetic-detectiononly,,,legitimate,,False
2026-01-01T00:34:01Z,synthetic-0-094-1,/synthetic/example/94,GET,200,False,complete,2,3,5,2,0,1,0,0,0,0,0,0,0,0,0,synthetic-run-v1,0,synthetic-legitimate,family-0-094,synthetic-detectiononly,,,legitimate,,False
2026-01-01T00:34:02Z,synthetic-0-094-2,/synthetic/example/94,GET,200,False,complete,0,0,5,0,0,0,0,0,0,0,0,0,0,0,0,synthetic-run-v1,0,synthetic-legitimate,family-0-094,synthetic-detectiononly,,,legitimate,,False
2026-01-01T00:35:00Z,synthetic-0-095-0,/synthetic/example/95,GET,200,False,complete,4,5,5,4,0,1,0,0,0,0,0,0,0,0,0,synthetic-run-v1,0,synthetic-legitimate,family-0-095,synthetic-detectiononly,,,legitimate,,False
2026-01-01T00:35:01Z,synthetic-0-095-1,/synthetic/example/95,GET,200,False,complete,0,1,5,0,0,1,0,0,0,0,0,0,0,0,0,synthetic-run-v1,0,synthetic-legitimate,family-0-095,synthetic-detectiononly,,,legitimate,,False
2026-01-01T00:35:02Z,synthetic-0-095-2,/synthetic/example/95,GET,200,False,complete,2,2,5,2,0,0,0,0,0,0,0,0,0,0,0,synthetic-run-v1,0,synthetic-legitimate,family-0-095,synthetic-detectiononly,,,legitimate,,False
2026-01-01T00:36:00Z,synthetic-0-096-0,/synthetic/example/96,GET,200,False,complete,1,1,5,1,0,0,0,0,0,0,0,0,0,0,0,synthetic-run-v1,0,synthetic-legitimate,family-0-096,synthetic-detectiononly,,,legitimate,,False
2026-01-01T00:36:01Z,synthetic-0-096-1,/synthetic/example/96,GET,200,False,complete,0,0,5,0,0,0,0,0,0,0,0,0,0,0,0,synthetic-run-v1,0,synthetic-legitimate,family-0-096,synthetic-detectiononly,,,legitimate,,False
2026-01-01T00:36:02Z,synthetic-0-096-2,/synthetic/example/96,GET,200,False,complete,0,1,5,0,0,1,0,0,0,0,0,0,0,0,0,synthetic-run-v1,0,synthetic-legitimate,family-0-096,synthetic-detectiononly,,,legitimate,,False
2026-01-01T00:37:00Z,synthetic-0-097-0,/synthetic/example/97,GET,200,False,complete,1,1,5,1,0,0,0,0,0,0,0,0,0,0,0,synthetic-run-v1,0,synthetic-legitimate,family-0-097,synthetic-detectiononly,,,legitimate,,False
2026-01-01T00:37:01Z,synthetic-0-097-1,/synthetic/example/97,GET,200,False,complete,0,1,5,0,0,1,0,0,0,0,0,0,0,0,0,synthetic-run-v1,0,synthetic-legitimate,family-0-097,synthetic-detectiononly,,,legitimate,,False
2026-01-01T00:37:02Z,synthetic-0-097-2,/synthetic/example/97,GET,200,False,complete,0,0,5,0,0,0,0,0,0,0,0,0,0,0,0,synthetic-run-v1,0,synthetic-legitimate,family-0-097,synthetic-detectiononly,,,legitimate,,False
2026-01-01T00:38:00Z,synthetic-0-098-0,/synthetic/example/98,GET,200,False,complete,5,5,5,5,0,0,0,0,0,0,0,0,0,0,0,synthetic-run-v1,0,synthetic-legitimate,family-0-098,synthetic-detectiononly,,,legitimate,,False
2026-01-01T00:38:01Z,synthetic-0-098-1,/synthetic/example/98,GET,200,False,complete,2,2,5,2,0,0,0,0,0,0,0,0,0,0,0,synthetic-run-v1,0,synthetic-legitimate,family-0-098,synthetic-detectiononly,,,legitimate,,False
2026-01-01T00:38:02Z,synthetic-0-098-2,/synthetic/example/98,GET,200,False,complete,0,1,5,0,0,1,0,0,0,0,0,0,0,0,0,synthetic-run-v1,0,synthetic-legitimate,family-0-098,synthetic-detectiononly,,,legitimate,,False
2026-01-01T00:39:00Z,synthetic-0-099-0,/synthetic/example/99,GET,200,False,complete,2,2,5,2,0,0,0,0,0,0,0,0,0,0,0,synthetic-run-v1,0,synthetic-legitimate,family-0-099,synthetic-detectiononly,,,legitimate,,False
2026-01-01T00:39:01Z,synthetic-0-099-1,/synthetic/example/99,GET,200,False,complete,2,2,5,2,0,0,0,0,0,0,0,0,0,0,0,synthetic-run-v1,0,synthetic-legitimate,family-0-099,synthetic-detectiononly,,,legitimate,,False
2026-01-01T00:39:02Z,synthetic-0-099-2,/synthetic/example/99,GET,200,False,complete,5,5,5,5,0,0,0,0,0,0,0,0,0,0,0,synthetic-run-v1,0,synthetic-legitimate,family-0-099,synthetic-detectiononly,,,legitimate,,False
2026-01-01T00:40:00Z,synthetic-0-100-0,/synthetic/example/100,GET,200,False,complete,0,0,5,0,0,0,0,0,0,0,0,0,0,0,0,synthetic-run-v1,0,synthetic-legitimate,family-0-100,synthetic-detectiononly,,,legitimate,,False
2026-01-01T00:40:01Z,synthetic-0-100-1,/synthetic/example/100,GET,200,False,complete,3,3,5,3,0,0,0,0,0,0,0,0,0,0,0,synthetic-run-v1,0,synthetic-legitimate,family-0-100,synthetic-detectiononly,,,legitimate,,False
2026-01-01T00:40:02Z,synthetic-0-100-2,/synthetic/example/100,GET,200,False,complete,0,0,5,0,0,0,0,0,0,0,0,0,0,0,0,synthetic-run-v1,0,synthetic-legitimate,family-0-100,synthetic-detectiononly,,,legitimate,,False
2026-01-01T00:41:00Z,synthetic-0-101-0,/synthetic/example/101,GET,200,False,complete,0,0,5,0,0,0,0,0,0,0,0,0,0,0,0,synthetic-run-v1,0,synthetic-legitimate,family-0-101,synthetic-detectiononly,,,legitimate,,False
2026-01-01T00:41:01Z,synthetic-0-101-1,/synthetic/example/101,GET,200,False,complete,1,2,5,1,0,1,0,0,0,0,0,0,0,0,0,synthetic-run-v1,0,synthetic-legitimate,family-0-101,synthetic-detectiononly,,,legitimate,,False
2026-01-01T00:41:02Z,synthetic-0-101-2,/synthetic/example/101,GET,200,False,complete,5,5,5,5,0,0,0,0,0,0,0,0,0,0,0,synthetic-run-v1,0,synthetic-legitimate,family-0-101,synthetic-detectiononly,,,legitimate,,False
2026-01-01T00:42:00Z,synthetic-0-102-0,/synthetic/example/102,GET,200,False,complete,0,1,5,0,0,1,0,3,0,0,0,0,0,0,0,synthetic-run-v1,0,synthetic-legitimate,family-0-102,synthetic-detectiononly,,,legitimate,,False
2026-01-01T00:42:01Z,synthetic-0-102-1,/synthetic/example/102,GET,200,False,complete,3,3,5,3,0,0,0,5,0,0,0,0,0,0,0,synthetic-run-v1,0,synthetic-legitimate,family-0-102,synthetic-detectiononly,,,legitimate,,False
2026-01-01T00:42:02Z,synthetic-0-102-2,/synthetic/example/102,GET,200,False,complete,2,3,5,2,0,1,0,3,0,0,0,0,0,0,0,synthetic-run-v1,0,synthetic-legitimate,family-0-102,synthetic-detectiononly,,,legitimate,,False
2026-01-01T00:43:00Z,synthetic-0-103-0,/synthetic/example/103,GET,200,False,complete,0,0,5,0,0,0,0,0,0,0,0,0,0,0,0,synthetic-run-v1,0,synthetic-legitimate,family-0-103,synthetic-detectiononly,,,legitimate,,False
2026-01-01T00:43:01Z,synthetic-0-103-1,/synthetic/example/103,GET,200,False,complete,0,0,5,0,0,0,0,0,0,0,0,0,0,0,0,synthetic-run-v1,0,synthetic-legitimate,family-0-103,synthetic-detectiononly,,,legitimate,,False
2026-01-01T00:43:02Z,synthetic-0-103-2,/synthetic/example/103,GET,200,False,complete,0,1,5,0,0,1,0,0,0,0,0,0,0,0,0,synthetic-run-v1,0,synthetic-legitimate,family-0-103,synthetic-detectiononly,,,legitimate,,False
2026-01-01T00:44:00Z,synthetic-0-104-0,/synthetic/example/104,GET,200,False,complete,4,4,5,4,0,0,0,0,0,0,0,0,0,0,0,synthetic-run-v1,0,synthetic-legitimate,family-0-104,synthetic-detectiononly,,,legitimate,,False
2026-01-01T00:44:01Z,synthetic-0-104-1,/synthetic/example/104,GET,200,False,complete,1,1,5,1,0,0,0,0,0,0,0,0,0,0,0,synthetic-run-v1,0,synthetic-legitimate,family-0-104,synthetic-detectiononly,,,legitimate,,False
2026-01-01T00:44:02Z,synthetic-0-104-2,/synthetic/example/104,GET,200,False,complete,0,0,5,0,0,0,0,0,0,0,0,0,0,0,0,synthetic-run-v1,0,synthetic-legitimate,family-0-104,synthetic-detectiononly,,,legitimate,,False
2026-01-01T00:45:00Z,synthetic-0-105-0,/synthetic/example/105,GET,200,False,complete,3,3,5,3,0,0,0,0,0,0,0,0,0,0,0,synthetic-run-v1,0,synthetic-legitimate,family-0-105,synthetic-detectiononly,,,legitimate,,False
2026-01-01T00:45:01Z,synthetic-0-105-1,/synthetic/example/105,GET,200,False,complete,0,0,5,0,0,0,0,0,0,0,0,0,0,0,0,synthetic-run-v1,0,synthetic-legitimate,family-0-105,synthetic-detectiononly,,,legitimate,,False
2026-01-01T00:45:02Z,synthetic-0-105-2,/synthetic/example/105,GET,200,False,complete,0,0,5,0,0,0,0,0,0,0,0,0,0,0,0,synthetic-run-v1,0,synthetic-legitimate,family-0-105,synthetic-detectiononly,,,legitimate,,False
2026-01-01T00:46:00Z,synthetic-0-106-0,/synthetic/example/106,GET,200,False,partial,0,0,5,0,0,0,0,0,,0,0,0,0,0,0,synthetic-run-v1,0,synthetic-legitimate,family-0-106,synthetic-detectiononly,,,legitimate,,False
2026-01-01T00:46:01Z,synthetic-0-106-1,/synthetic/example/106,GET,200,False,complete,4,5,5,4,0,1,0,0,0,0,0,0,0,0,0,synthetic-run-v1,0,synthetic-legitimate,family-0-106,synthetic-detectiononly,,,legitimate,,False
2026-01-01T00:46:02Z,synthetic-0-106-2,/synthetic/example/106,GET,200,False,complete,4,4,5,4,0,0,0,0,0,0,0,0,0,0,0,synthetic-run-v1,0,synthetic-legitimate,family-0-106,synthetic-detectiononly,,,legitimate,,False
2026-01-01T00:47:00Z,synthetic-0-107-0,/synthetic/example/107,GET,200,False,complete,4,5,5,4,0,1,0,0,0,0,0,0,0,0,0,synthetic-run-v1,0,synthetic-legitimate,family-0-107,synthetic-detectiononly,,,legitimate,,False
2026-01-01T00:47:01Z,synthetic-0-107-1,/synthetic/example/107,GET,200,False,complete,3,4,5,3,0,1,0,0,0,0,0,0,0,0,0,synthetic-run-v1,0,synthetic-legitimate,family-0-107,synthetic-detectiononly,,,legitimate,,False
2026-01-01T00:47:02Z,synthetic-0-107-2,/synthetic/example/107,GET,200,False,complete,1,1,5,1,0,0,0,0,0,0,0,0,0,0,0,synthetic-run-v1,0,synthetic-legitimate,family-0-107,synthetic-detectiononly,,,legitimate,,False
2026-01-01T00:48:00Z,synthetic-0-108-0,/synthetic/example/108,GET,200,False,complete,4,4,5,4,0,0,0,0,0,0,0,0,0,0,0,synthetic-run-v1,0,synthetic-legitimate,family-0-108,synthetic-detectiononly,,,legitimate,,False
2026-01-01T00:48:01Z,synthetic-0-108-1,/synthetic/example/108,GET,200,False,complete,3,4,5,3,0,1,0,0,0,0,0,0,0,0,0,synthetic-run-v1,0,synthetic-legitimate,family-0-108,synthetic-detectiononly,,,legitimate,,False
2026-01-01T00:48:02Z,synthetic-0-108-2,/synthetic/example/108,GET,200,False,complete,8,8,5,8,0,0,0,0,0,0,0,0,0,0,0,synthetic-run-v1,0,synthetic-legitimate,family-0-108,synthetic-detectiononly,,,legitimate,,False
2026-01-01T00:49:00Z,synthetic-0-109-0,/synthetic/example/109,GET,200,False,complete,0,0,5,0,0,0,0,0,0,0,0,0,0,0,0,synthetic-run-v1,0,synthetic-legitimate,family-0-109,synthetic-detectiononly,,,legitimate,,False
2026-01-01T00:49:01Z,synthetic-0-109-1,/synthetic/example/109,GET,200,False,complete,1,1,5,1,0,0,0,0,0,0,0,0,0,0,0,synthetic-run-v1,0,synthetic-legitimate,family-0-109,synthetic-detectiononly,,,legitimate,,False
2026-01-01T00:49:02Z,synthetic-0-109-2,/synthetic/example/109,GET,200,False,complete,1,1,5,1,0,0,0,0,0,0,0,0,0,0,0,synthetic-run-v1,0,synthetic-legitimate,family-0-109,synthetic-detectiononly,,,legitimate,,False
2026-01-01T00:50:00Z,synthetic-0-110-0,/synthetic/example/110,GET,200,False,complete,0,0,5,0,0,0,0,0,0,0,0,0,0,0,0,synthetic-run-v1,0,synthetic-legitimate,family-0-110,synthetic-detectiononly,,,legitimate,,False
2026-01-01T00:50:01Z,synthetic-0-110-1,/synthetic/example/110,GET,200,False,complete,0,1,5,0,0,1,0,0,0,0,0,0,0,0,0,synthetic-run-v1,0,synthetic-legitimate,family-0-110,synthetic-detectiononly,,,legitimate,,False
2026-01-01T00:50:02Z,synthetic-0-110-2,/synthetic/example/110,GET,200,False,complete,5,5,5,5,0,0,0,0,0,0,0,0,0,0,0,synthetic-run-v1,0,synthetic-legitimate,family-0-110,synthetic-detectiononly,,,legitimate,,False
2026-01-01T00:51:00Z,synthetic-0-111-0,/synthetic/example/111,GET,200,False,complete,0,0,5,0,0,0,0,0,0,0,0,0,0,0,0,synthetic-run-v1,0,synthetic-legitimate,family-0-111,synthetic-detectiononly,,,legitimate,,False
2026-01-01T00:51:01Z,synthetic-0-111-1,/synthetic/example/111,GET,200,False,complete,0,1,5,0,0,1,0,0,0,0,0,0,0,0,0,synthetic-run-v1,0,synthetic-legitimate,family-0-111,synthetic-detectiononly,,,legitimate,,False
2026-01-01T00:51:02Z,synthetic-0-111-2,/synthetic/example/111,GET,200,False,complete,0,0,5,0,0,0,0,0,0,0,0,0,0,0,0,synthetic-run-v1,0,synthetic-legitimate,family-0-111,synthetic-detectiononly,,,legitimate,,False
2026-01-01T00:52:00Z,synthetic-0-112-0,/synthetic/example/112,GET,200,False,complete,0,0,5,0,0,0,0,0,0,0,0,0,0,0,0,synthetic-run-v1,0,synthetic-legitimate,family-0-112,synthetic-detectiononly,,,legitimate,,False
2026-01-01T00:52:01Z,synthetic-0-112-1,/synthetic/example/112,GET,200,False,complete,4,5,5,4,0,1,0,0,0,0,0,0,0,0,0,synthetic-run-v1,0,synthetic-legitimate,family-0-112,synthetic-detectiononly,,,legitimate,,False
2026-01-01T00:52:02Z,synthetic-0-112-2,/synthetic/example/112,GET,200,False,complete,0,1,5,0,0,1,0,0,0,0,0,0,0,0,0,synthetic-run-v1,0,synthetic-legitimate,family-0-112,synthetic-detectiononly,,,legitimate,,False
2026-01-01T00:53:00Z,synthetic-0-113-0,/synthetic/example/113,GET,200,False,complete,2,2,5,2,0,0,0,0,0,0,0,0,0,0,0,synthetic-run-v1,0,synthetic-legitimate,family-0-113,synthetic-detectiononly,,,legitimate,,False
2026-01-01T00:53:01Z,synthetic-0-113-1,/synthetic/example/113,GET,200,False,complete,0,0,5,0,0,0,0,0,0,0,0,0,0,0,0,synthetic-run-v1,0,synthetic-legitimate,family-0-113,synthetic-detectiononly,,,legitimate,,False
2026-01-01T00:53:02Z,synthetic-0-113-2,/synthetic/example/113,GET,200,False,complete,0,0,5,0,0,0,0,0,0,0,0,0,0,0,0,synthetic-run-v1,0,synthetic-legitimate,family-0-113,synthetic-detectiononly,,,legitimate,,False
2026-01-01T00:54:00Z,synthetic-0-114-0,/synthetic/example/114,GET,200,False,complete,0,0,5,0,0,0,0,0,0,0,0,0,0,0,0,synthetic-run-v1,0,synthetic-legitimate,family-0-114,synthetic-detectiononly,,,legitimate,,False
2026-01-01T00:54:01Z,synthetic-0-114-1,/synthetic/example/114,GET,200,False,complete,2,2,5,2,0,0,0,0,0,0,0,0,0,0,0,synthetic-run-v1,0,synthetic-legitimate,family-0-114,synthetic-detectiononly,,,legitimate,,False
2026-01-01T00:54:02Z,synthetic-0-114-2,/synthetic/example/114,GET,200,False,complete,1,2,5,1,0,1,0,0,0,0,0,0,0,0,0,synthetic-run-v1,0,synthetic-legitimate,family-0-114,synthetic-detectiononly,,,legitimate,,False
2026-01-01T00:55:00Z,synthetic-0-115-0,/synthetic/example/115,GET,200,False,complete,0,0,5,0,0,0,0,0,0,0,0,0,0,0,0,synthetic-run-v1,0,synthetic-legitimate,family-0-115,synthetic-detectiononly,,,legitimate,,False
2026-01-01T00:55:01Z,synthetic-0-115-1,/synthetic/example/115,GET,200,False,complete,0,0,5,0,0,0,0,0,0,0,0,0,0,0,0,synthetic-run-v1,0,synthetic-legitimate,family-0-115,synthetic-detectiononly,,,legitimate,,False
2026-01-01T00:55:02Z,synthetic-0-115-2,/synthetic/example/115,GET,200,False,complete,2,2,5,2,0,0,0,0,0,0,0,0,0,0,0,synthetic-run-v1,0,synthetic-legitimate,family-0-115,synthetic-detectiononly,,,legitimate,,False
2026-01-01T00:56:00Z,synthetic-0-116-0,/synthetic/example/116,GET,200,False,complete,2,2,5,2,0,0,0,0,0,0,0,0,0,0,0,synthetic-run-v1,0,synthetic-legitimate,family-0-116,synthetic-detectiononly,,,legitimate,,False
2026-01-01T00:56:01Z,synthetic-0-116-1,/synthetic/example/116,GET,200,False,complete,2,2,5,2,0,0,0,0,0,0,0,0,0,0,0,synthetic-run-v1,0,synthetic-legitimate,family-0-116,synthetic-detectiononly,,,legitimate,,False
2026-01-01T00:56:02Z,synthetic-0-116-2,/synthetic/example/116,GET,200,False,complete,5,6,5,5,0,1,0,0,0,0,0,0,0,0,0,synthetic-run-v1,0,synthetic-legitimate,family-0-116,synthetic-detectiononly,,,legitimate,,False
2026-01-01T00:57:00Z,synthetic-0-117-0,/synthetic/example/117,GET,200,False,complete,4,4,5,4,0,0,0,0,0,0,0,0,0,0,0,synthetic-run-v1,0,synthetic-legitimate,family-0-117,synthetic-detectiononly,,,legitimate,,False
2026-01-01T00:57:01Z,synthetic-0-117-1,/synthetic/example/117,GET,200,False,complete,0,0,5,0,0,0,0,0,0,0,0,0,0,0,0,synthetic-run-v1,0,synthetic-legitimate,family-0-117,synthetic-detectiononly,,,legitimate,,False
2026-01-01T00:57:02Z,synthetic-0-117-2,/synthetic/example/117,GET,200,False,complete,0,0,5,0,0,0,0,0,0,0,0,0,0,0,0,synthetic-run-v1,0,synthetic-legitimate,family-0-117,synthetic-detectiononly,,,legitimate,,False
2026-01-01T00:58:00Z,synthetic-0-118-0,/synthetic/example/118,GET,200,False,complete,8,8,5,8,0,0,0,0,0,0,0,0,0,0,0,synthetic-run-v1,0,synthetic-legitimate,family-0-118,synthetic-detectiononly,,,legitimate,,False
2026-01-01T00:58:01Z,synthetic-0-118-1,/synthetic/example/118,GET,200,False,complete,4,4,5,4,0,0,0,0,0,0,0,0,0,0,0,synthetic-run-v1,0,synthetic-legitimate,family-0-118,synthetic-detectiononly,,,legitimate,,False
2026-01-01T00:58:02Z,synthetic-0-118-2,/synthetic/example/118,GET,200,False,complete,0,0,5,0,0,0,0,0,0,0,0,0,0,0,0,synthetic-run-v1,0,synthetic-legitimate,family-0-118,synthetic-detectiononly,,,legitimate,,False
2026-01-01T00:59:00Z,synthetic-0-119-0,/synthetic/example/119,GET,200,False,complete,2,3,5,2,0,1,0,0,0,5,0,0,0,0,0,synthetic-run-v1,0,synthetic-legitimate,family-0-119,synthetic-detectiononly,,,legitimate,,False
2026-01-01T00:59:01Z,synthetic-0-119-1,/synthetic/example/119,GET,200,False,complete,0,1,5,0,0,1,0,0,0,3,0,0,0,0,0,synthetic-run-v1,0,synthetic-legitimate,family-0-119,synthetic-detectiononly,,,legitimate,,False
2026-01-01T00:59:02Z,synthetic-0-119-2,/synthetic/example/119,GET,200,False,complete,0,1,5,0,0,1,0,0,0,1,0,0,0,0,0,synthetic-run-v1,0,synthetic-legitimate,family-0-119,synthetic-detectiononly,,,legitimate,,False
2026-01-01T00:00:00Z,synthetic-1-000-0,/synthetic/example/0,GET,200,False,partial,3,3,5,3,0,0,0,7,,0,0,0,0,0,0,synthetic-run-v1,1,synthetic-malicious,family-1-000,synthetic-detectiononly,synthetic-template-0,,sqli,,False
2026-01-01T00:00:01Z,synthetic-1-000-1,/synthetic/example/0,GET,200,False,complete,9,9,5,9,0,0,0,7,0,0,0,0,0,0,0,synthetic-run-v1,1,synthetic-malicious,family-1-000,synthetic-detectiononly,synthetic-template-0,,sqli,,False
2026-01-01T00:00:02Z,synthetic-1-000-2,/synthetic/example/0,GET,200,False,complete,7,11,5,7,0,4,0,0,0,0,0,0,0,0,0,synthetic-run-v1,1,synthetic-malicious,family-1-000,synthetic-detectiononly,synthetic-template-0,,sqli,,False
2026-01-01T00:01:00Z,synthetic-1-001-0,/synthetic/example/1,GET,200,False,complete,5,7,5,5,0,2,0,0,7,0,0,0,0,0,0,synthetic-run-v1,1,synthetic-malicious,family-1-001,synthetic-detectiononly,synthetic-template-1,,xss,,False
2026-01-01T00:01:01Z,synthetic-1-001-1,/synthetic/example/1,GET,200,False,complete,3,3,5,3,0,0,0,0,7,0,0,0,0,0,0,synthetic-run-v1,1,synthetic-malicious,family-1-001,synthetic-detectiononly,synthetic-template-1,,xss,,False
2026-01-01T00:01:02Z,synthetic-1-001-2,/synthetic/example/1,GET,200,False,complete,0,4,5,0,0,4,0,0,10,0,0,0,0,0,0,synthetic-run-v1,1,synthetic-malicious,family-1-001,synthetic-detectiononly,synthetic-template-1,,xss,,False
2026-01-01T00:02:00Z,synthetic-1-002-0,/synthetic/example/2,GET,200,False,complete,9,13,5,9,0,4,0,0,0,5,0,0,0,0,0,synthetic-run-v1,1,synthetic-malicious,family-1-002,synthetic-detectiononly,synthetic-template-2,,rce,,False
2026-01-01T00:02:01Z,synthetic-1-002-1,/synthetic/example/2,GET,200,False,complete,4,10,5,4,0,6,0,0,0,7,0,0,0,0,0,synthetic-run-v1,1,synthetic-malicious,family-1-002,synthetic-detectiononly,synthetic-template-2,,rce,,False
2026-01-01T00:02:02Z,synthetic-1-002-2,/synthetic/example/2,GET,200,False,complete,0,6,5,0,0,6,0,0,0,5,0,0,0,0,0,synthetic-run-v1,1,synthetic-malicious,family-1-002,synthetic-detectiononly,synthetic-template-2,,rce,,False
2026-01-01T00:03:00Z,synthetic-1-003-0,/synthetic/example/3,GET,200,False,complete,12,14,5,12,0,2,0,5,0,0,0,0,0,0,0,synthetic-run-v1,1,synthetic-malicious,family-1-003,synthetic-detectiononly,synthetic-template-3,,sqli,,False
2026-01-01T00:03:01Z,synthetic-1-003-1,/synthetic/example/3,GET,200,False,complete,4,4,5,4,0,0,0,10,0,0,0,0,0,0,0,synthetic-run-v1,1,synthetic-malicious,family-1-003,synthetic-detectiononly,synthetic-template-3,,sqli,,False
2026-01-01T00:03:02Z,synthetic-1-003-2,/synthetic/example/3,GET,200,False,complete,4,4,5,4,0,0,0,5,0,0,0,0,0,0,0,synthetic-run-v1,1,synthetic-malicious,family-1-003,synthetic-detectiononly,synthetic-template-3,,sqli,,False
2026-01-01T00:04:00Z,synthetic-1-004-0,/synthetic/example/4,GET,200,False,complete,7,7,5,7,0,0,0,0,10,0,0,0,0,0,0,synthetic-run-v1,1,synthetic-malicious,family-1-004,synthetic-detectiononly,synthetic-template-4,,xss,,False
2026-01-01T00:04:01Z,synthetic-1-004-1,/synthetic/example/4,GET,200,False,complete,5,7,5,5,0,2,0,0,7,0,0,0,0,0,0,synthetic-run-v1,1,synthetic-malicious,family-1-004,synthetic-detectiononly,synthetic-template-4,,xss,,False
2026-01-01T00:04:02Z,synthetic-1-004-2,/synthetic/example/4,GET,200,False,complete,4,8,5,4,0,4,0,0,3,0,0,0,0,0,0,synthetic-run-v1,1,synthetic-malicious,family-1-004,synthetic-detectiononly,synthetic-template-4,,xss,synthetic_timeout,True
2026-01-01T00:05:00Z,synthetic-1-005-0,/synthetic/example/5,GET,200,False,complete,9,9,5,9,0,0,0,0,0,7,0,0,0,0,0,synthetic-run-v1,1,synthetic-malicious,family-1-005,synthetic-detectiononly,synthetic-template-5,,rce,,False
2026-01-01T00:05:01Z,synthetic-1-005-1,/synthetic/example/5,GET,200,False,complete,4,8,5,4,0,4,0,0,0,10,0,0,0,0,0,synthetic-run-v1,1,synthetic-malicious,family-1-005,synthetic-detectiononly,synthetic-template-5,,rce,,False
2026-01-01T00:05:02Z,synthetic-1-005-2,/synthetic/example/5,GET,200,False,complete,5,5,5,5,0,0,0,0,0,0,0,0,0,0,0,synthetic-run-v1,1,synthetic-malicious,family-1-005,synthetic-detectiononly,synthetic-template-5,,rce,,False
2026-01-01T00:06:00Z,synthetic-1-006-0,/synthetic/example/6,GET,200,False,complete,9,9,5,9,0,0,0,0,0,0,0,0,0,0,0,synthetic-run-v1,1,synthetic-malicious,family-1-006,synthetic-detectiononly,synthetic-template-6,,sqli,,False
2026-01-01T00:06:01Z,synthetic-1-006-1,/synthetic/example/6,GET,200,False,complete,3,9,5,3,0,6,0,10,0,0,0,0,0,0,0,synthetic-run-v1,1,synthetic-malicious,family-1-006,synthetic-detectiononly,synthetic-template-6,,sqli,,False
2026-01-01T00:06:02Z,synthetic-1-006-2,/synthetic/example/6,GET,200,False,complete,0,4,5,0,0,4,0,5,0,0,0,0,0,0,0,synthetic-run-v1,1,synthetic-malicious,family-1-006,synthetic-detectiononly,synthetic-template-6,,sqli,,False
2026-01-01T00:07:00Z,synthetic-1-007-0,/synthetic/example/7,GET,200,False,complete,12,12,5,12,0,0,0,0,0,0,0,0,0,0,0,synthetic-run-v1,1,synthetic-malicious,family-1-007,synthetic-detectiononly,synthetic-template-7,,xss,,False
2026-01-01T00:07:01Z,synthetic-1-007-1,/synthetic/example/7,GET,200,False,complete,0,4,5,0,0,4,0,0,10,0,0,0,0,0,0,synthetic-run-v1,1,synthetic-malicious,family-1-007,synthetic-detectiononly,synthetic-template-7,,xss,,False
2026-01-01T00:07:02Z,synthetic-1-007-2,/synthetic/example/7,GET,200,False,complete,12,16,5,12,0,4,0,0,0,0,0,0,0,0,0,synthetic-run-v1,1,synthetic-malicious,family-1-007,synthetic-detectiononly,synthetic-template-7,,xss,,False
2026-01-01T00:08:00Z,synthetic-1-008-0,/synthetic/example/8,GET,200,False,complete,0,6,5,0,0,6,0,0,0,3,0,0,0,0,0,synthetic-run-v1,1,synthetic-malicious,family-1-008,synthetic-detectiononly,synthetic-template-8,,rce,,False
2026-01-01T00:08:01Z,synthetic-1-008-1,/synthetic/example/8,GET,200,False,complete,4,4,5,4,0,0,0,0,0,10,0,0,0,0,0,synthetic-run-v1,1,synthetic-malicious,family-1-008,synthetic-detectiononly,synthetic-template-8,,rce,,False
2026-01-01T00:08:02Z,synthetic-1-008-2,/synthetic/example/8,GET,200,False,complete,9,9,5,9,0,0,0,0,0,0,0,0,0,0,0,synthetic-run-v1,1,synthetic-malicious,family-1-008,synthetic-detectiononly,synthetic-template-8,,rce,,False
2026-01-01T00:09:00Z,synthetic-1-009-0,/synthetic/example/9,GET,200,False,complete,5,5,5,5,0,0,0,0,0,0,0,0,0,0,0,synthetic-run-v1,1,synthetic-malicious,family-1-009,synthetic-detectiononly,synthetic-template-9,,sqli,,False
2026-01-01T00:09:01Z,synthetic-1-009-1,/synthetic/example/9,GET,200,False,complete,0,0,5,0,0,0,0,10,0,0,0,0,0,0,0,synthetic-run-v1,1,synthetic-malicious,family-1-009,synthetic-detectiononly,synthetic-template-9,,sqli,,False
2026-01-01T00:09:02Z,synthetic-1-009-2,/synthetic/example/9,GET,200,False,complete,15,21,5,15,0,6,0,10,0,0,0,0,0,0,0,synthetic-run-v1,1,synthetic-malicious,family-1-009,synthetic-detectiononly,synthetic-template-9,,sqli,,False
2026-01-01T00:10:00Z,synthetic-1-010-0,/synthetic/example/10,GET,200,False,complete,7,13,5,7,0,6,0,0,7,0,0,0,0,0,0,synthetic-run-v1,1,synthetic-malicious,family-1-010,synthetic-detectiononly,synthetic-template-10,,xss,,False
2026-01-01T00:10:01Z,synthetic-1-010-1,/synthetic/example/10,GET,200,False,complete,12,14,5,12,0,2,0,0,7,0,0,0,0,0,0,synthetic-run-v1,1,synthetic-malicious,family-1-010,synthetic-detectiononly,synthetic-template-10,,xss,,False
2026-01-01T00:10:02Z,synthetic-1-010-2,/synthetic/example/10,GET,200,False,complete,5,7,5,5,0,2,0,0,10,0,0,0,0,0,0,synthetic-run-v1,1,synthetic-malicious,family-1-010,synthetic-detectiononly,synthetic-template-10,,xss,,False
2026-01-01T00:11:00Z,synthetic-1-011-0,/synthetic/example/11,GET,200,False,complete,5,5,5,5,0,0,0,0,0,3,0,0,0,0,0,synthetic-run-v1,1,synthetic-malicious,family-1-011,synthetic-detectiononly,synthetic-template-11,,rce,,False
2026-01-01T00:11:01Z,synthetic-1-011-1,/synthetic/example/11,GET,200,False,complete,4,10,5,4,0,6,0,0,0,5,0,0,0,0,0,synthetic-run-v1,1,synthetic-malicious,family-1-011,synthetic-detectiononly,synthetic-template-11,,rce,,False
2026-01-01T00:11:02Z,synthetic-1-011-2,/synthetic/example/11,GET,200,False,complete,4,6,5,4,0,2,0,0,0,10,0,0,0,0,0,synthetic-run-v1,1,synthetic-malicious,family-1-011,synthetic-detectiononly,synthetic-template-11,,rce,,False
2026-01-01T00:12:00Z,synthetic-1-012-0,/synthetic/example/12,GET,200,False,complete,0,4,5,0,0,4,0,7,0,0,0,0,0,0,0,synthetic-run-v1,1,synthetic-malicious,family-1-012,synthetic-detectiononly,synthetic-template-12,,sqli,,False
2026-01-01T00:12:01Z,synthetic-1-012-1,/synthetic/example/12,GET,200,False,complete,15,15,5,15,0,0,0,10,0,0,0,0,0,0,0,synthetic-run-v1,1,synthetic-malicious,family-1-012,synthetic-detectiononly,synthetic-template-12,,sqli,,False
2026-01-01T00:12:02Z,synthetic-1-012-2,/synthetic/example/12,GET,200,False,complete,12,14,5,12,0,2,0,0,0,0,0,0,0,0,0,synthetic-run-v1,1,synthetic-malicious,family-1-012,synthetic-detectiononly,synthetic-template-12,,sqli,,False
2026-01-01T00:13:00Z,synthetic-1-013-0,/synthetic/example/13,GET,200,False,complete,4,10,5,4,0,6,0,0,3,0,0,0,0,0,0,synthetic-run-v1,1,synthetic-malicious,family-1-013,synthetic-detectiononly,synthetic-template-13,,xss,,False
2026-01-01T00:13:01Z,synthetic-1-013-1,/synthetic/example/13,GET,200,False,complete,4,8,5,4,0,4,0,0,7,0,0,0,0,0,0,synthetic-run-v1,1,synthetic-malicious,family-1-013,synthetic-detectiononly,synthetic-template-13,,xss,,False
2026-01-01T00:13:02Z,synthetic-1-013-2,/synthetic/example/13,GET,200,False,complete,12,16,5,12,0,4,0,0,7,0,0,0,0,0,0,synthetic-run-v1,1,synthetic-malicious,family-1-013,synthetic-detectiononly,synthetic-template-13,,xss,,False
2026-01-01T00:14:00Z,synthetic-1-014-0,/synthetic/example/14,GET,200,False,complete,12,14,5,12,0,2,0,0,0,3,0,0,0,0,0,synthetic-run-v1,1,synthetic-malicious,family-1-014,synthetic-detectiononly,synthetic-template-14,,rce,,False
2026-01-01T00:14:01Z,synthetic-1-014-1,/synthetic/example/14,GET,200,False,complete,0,4,5,0,0,4,0,0,0,3,0,0,0,0,0,synthetic-run-v1,1,synthetic-malicious,family-1-014,synthetic-detectiononly,synthetic-template-14,,rce,,False
2026-01-01T00:14:02Z,synthetic-1-014-2,/synthetic/example/14,GET,200,False,complete,3,3,5,3,0,0,0,0,0,7,0,0,0,0,0,synthetic-run-v1,1,synthetic-malicious,family-1-014,synthetic-detectiononly,synthetic-template-14,,rce,,False
2026-01-01T00:15:00Z,synthetic-1-015-0,/synthetic/example/15,GET,200,False,complete,0,0,5,0,0,0,0,7,0,0,0,0,0,0,0,synthetic-run-v1,1,synthetic-malicious,family-1-015,synthetic-detectiononly,synthetic-template-15,,sqli,,False
2026-01-01T00:15:01Z,synthetic-1-015-1,/synthetic/example/15,GET,200,False,complete,15,15,5,15,0,0,0,0,0,0,0,0,0,0,0,synthetic-run-v1,1,synthetic-malicious,family-1-015,synthetic-detectiononly,synthetic-template-15,,sqli,,False
2026-01-01T00:15:02Z,synthetic-1-015-2,/synthetic/example/15,GET,200,False,complete,3,7,5,3,0,4,0,3,0,0,0,0,0,0,0,synthetic-run-v1,1,synthetic-malicious,family-1-015,synthetic-detectiononly,synthetic-template-15,,sqli,,False
2026-01-01T00:16:00Z,synthetic-1-016-0,/synthetic/example/16,GET,200,False,complete,0,2,5,0,0,2,0,0,10,0,0,0,0,0,0,synthetic-run-v1,1,synthetic-malicious,family-1-016,synthetic-detectiononly,synthetic-template-16,,xss,,False
2026-01-01T00:16:01Z,synthetic-1-016-1,/synthetic/example/16,GET,200,False,complete,3,9,5,3,0,6,0,0,10,0,0,0,0,0,0,synthetic-run-v1,1,synthetic-malicious,family-1-016,synthetic-detectiononly,synthetic-template-16,,xss,,False
2026-01-01T00:16:02Z,synthetic-1-016-2,/synthetic/example/16,GET,200,False,complete,3,5,5,3,0,2,0,0,3,0,0,0,0,0,0,synthetic-run-v1,1,synthetic-malicious,family-1-016,synthetic-detectiononly,synthetic-template-16,,xss,,False
2026-01-01T00:17:00Z,synthetic-1-017-0,/synthetic/example/17,GET,200,False,complete,3,3,5,3,0,0,0,0,0,7,0,0,0,0,0,synthetic-run-v1,1,synthetic-malicious,family-1-017,synthetic-detectiononly,synthetic-template-17,,rce,,False
2026-01-01T00:17:01Z,synthetic-1-017-1,/synthetic/example/17,GET,200,False,complete,0,6,5,0,0,6,0,0,0,7,0,0,0,0,0,synthetic-run-v1,1,synthetic-malicious,family-1-017,synthetic-detectiononly,synthetic-template-17,,rce,,False
2026-01-01T00:17:02Z,synthetic-1-017-2,/synthetic/example/17,GET,200,False,partial,3,9,5,3,0,6,0,0,,10,0,0,0,0,0,synthetic-run-v1,1,synthetic-malicious,family-1-017,synthetic-detectiononly,synthetic-template-17,,rce,,False
2026-01-01T00:18:00Z,synthetic-1-018-0,/synthetic/example/18,GET,200,False,complete,12,12,5,12,0,0,0,0,0,0,0,0,0,0,0,synthetic-run-v1,1,synthetic-malicious,family-1-018,synthetic-detectiononly,synthetic-template-18,,sqli,,False
2026-01-01T00:18:01Z,synthetic-1-018-1,/synthetic/example/18,GET,200,False,complete,9,15,5,9,0,6,0,7,0,0,0,0,0,0,0,synthetic-run-v1,1,synthetic-malicious,family-1-018,synthetic-detectiononly,synthetic-template-18,,sqli,,False
2026-01-01T00:18:02Z,synthetic-1-018-2,/synthetic/example/18,GET,200,False,complete,9,9,5,9,0,0,0,0,0,0,0,0,0,0,0,synthetic-run-v1,1,synthetic-malicious,family-1-018,synthetic-detectiononly,synthetic-template-18,,sqli,,False
2026-01-01T00:19:00Z,synthetic-1-019-0,/synthetic/example/19,GET,200,False,complete,5,11,5,5,0,6,0,0,5,0,0,0,0,0,0,synthetic-run-v1,1,synthetic-malicious,family-1-019,synthetic-detectiononly,synthetic-template-19,,xss,,False
2026-01-01T00:19:01Z,synthetic-1-019-1,/synthetic/example/19,GET,200,False,complete,9,9,5,9,0,0,0,0,0,0,0,0,0,0,0,synthetic-run-v1,1,synthetic-malicious,family-1-019,synthetic-detectiononly,synthetic-template-19,,xss,,False
2026-01-01T00:19:02Z,synthetic-1-019-2,/synthetic/example/19,GET,200,False,complete,12,14,5,12,0,2,0,0,5,0,0,0,0,0,0,synthetic-run-v1,1,synthetic-malicious,family-1-019,synthetic-detectiononly,synthetic-template-19,,xss,,False
2026-01-01T00:20:00Z,synthetic-1-020-0,/synthetic/example/20,GET,200,False,complete,4,8,5,4,0,4,0,0,0,5,0,0,0,0,0,synthetic-run-v1,1,synthetic-malicious,family-1-020,synthetic-detectiononly,synthetic-template-20,,rce,,False
2026-01-01T00:20:01Z,synthetic-1-020-1,/synthetic/example/20,GET,200,False,complete,5,11,5,5,0,6,0,0,0,3,0,0,0,0,0,synthetic-run-v1,1,synthetic-malicious,family-1-020,synthetic-detectiononly,synthetic-template-20,,rce,,False
2026-01-01T00:20:02Z,synthetic-1-020-2,/synthetic/example/20,GET,200,False,complete,4,8,5,4,0,4,0,0,0,10,0,0,0,0,0,synthetic-run-v1,1,synthetic-malicious,family-1-020,synthetic-detectiononly,synthetic-template-20,,rce,,False
2026-01-01T00:21:00Z,synthetic-1-021-0,/synthetic/example/21,GET,200,False,complete,12,12,5,12,0,0,0,5,0,0,0,0,0,0,0,synthetic-run-v1,1,synthetic-malicious,family-1-021,synthetic-detectiononly,synthetic-template-21,,sqli,,False
2026-01-01T00:21:01Z,synthetic-1-021-1,/synthetic/example/21,GET,200,False,complete,12,14,5,12,0,2,0,7,0,0,0,0,0,0,0,synthetic-run-v1,1,synthetic-malicious,family-1-021,synthetic-detectiononly,synthetic-template-21,,sqli,,False
2026-01-01T00:21:02Z,synthetic-1-021-2,/synthetic/example/21,GET,200,False,complete,7,13,5,7,0,6,0,0,0,0,0,0,0,0,0,synthetic-run-v1,1,synthetic-malicious,family-1-021,synthetic-detectiononly,synthetic-template-21,,sqli,,False
2026-01-01T00:22:00Z,synthetic-1-022-0,/synthetic/example/22,GET,200,False,complete,12,18,5,12,0,6,0,0,0,0,0,0,0,0,0,synthetic-run-v1,1,synthetic-malicious,family-1-022,synthetic-detectiononly,synthetic-template-22,,xss,,False
2026-01-01T00:22:01Z,synthetic-1-022-1,/synthetic/example/22,GET,200,False,complete,15,19,5,15,0,4,0,0,5,0,0,0,0,0,0,synthetic-run-v1,1,synthetic-malicious,family-1-022,synthetic-detectiononly,synthetic-template-22,,xss,,False
2026-01-01T00:22:02Z,synthetic-1-022-2,/synthetic/example/22,GET,200,False,complete,7,7,5,7,0,0,0,0,10,0,0,0,0,0,0,synthetic-run-v1,1,synthetic-malicious,family-1-022,synthetic-detectiononly,synthetic-template-22,,xss,,False
2026-01-01T00:23:00Z,synthetic-1-023-0,/synthetic/example/23,GET,200,False,complete,3,7,5,3,0,4,0,0,0,3,0,0,0,0,0,synthetic-run-v1,1,synthetic-malicious,family-1-023,synthetic-detectiononly,synthetic-template-23,,rce,,False
2026-01-01T00:23:01Z,synthetic-1-023-1,/synthetic/example/23,GET,200,False,complete,0,6,5,0,0,6,0,0,0,3,0,0,0,0,0,synthetic-run-v1,1,synthetic-malicious,family-1-023,synthetic-detectiononly,synthetic-template-23,,rce,,False
2026-01-01T00:23:02Z,synthetic-1-023-2,/synthetic/example/23,GET,200,False,complete,0,0,5,0,0,0,0,0,0,7,0,0,0,0,0,synthetic-run-v1,1,synthetic-malicious,family-1-023,synthetic-detectiononly,synthetic-template-23,,rce,,False
2026-01-01T00:24:00Z,synthetic-1-024-0,/synthetic/example/24,GET,200,False,complete,15,15,5,15,0,0,0,7,0,0,0,0,0,0,0,synthetic-run-v1,1,synthetic-malicious,family-1-024,synthetic-detectiononly,synthetic-template-24,,sqli,,False
2026-01-01T00:24:01Z,synthetic-1-024-1,/synthetic/example/24,GET,200,False,complete,5,9,5,5,0,4,0,7,0,0,0,0,0,0,0,synthetic-run-v1,1,synthetic-malicious,family-1-024,synthetic-detectiononly,synthetic-template-24,,sqli,,False
2026-01-01T00:24:02Z,synthetic-1-024-2,/synthetic/example/24,GET,200,False,complete,9,9,5,9,0,0,0,3,0,0,0,0,0,0,0,synthetic-run-v1,1,synthetic-malicious,family-1-024,synthetic-detectiononly,synthetic-template-24,,sqli,,False
2026-01-01T00:25:00Z,synthetic-1-025-0,/synthetic/example/25,GET,200,False,complete,7,9,5,7,0,2,0,0,3,0,0,0,0,0,0,synthetic-run-v1,1,synthetic-malicious,family-1-025,synthetic-detectiononly,synthetic-template-25,,xss,,False
2026-01-01T00:25:01Z,synthetic-1-025-1,/synthetic/example/25,GET,200,False,complete,4,4,5,4,0,0,0,0,3,0,0,0,0,0,0,synthetic-run-v1,1,synthetic-malicious,family-1-025,synthetic-detectiononly,synthetic-template-25,,xss,,False
2026-01-01T00:25:02Z,synthetic-1-025-2,/synthetic/example/25,GET,200,False,complete,3,9,5,3,0,6,0,0,10,0,0,0,0,0,0,synthetic-run-v1,1,synthetic-malicious,family-1-025,synthetic-detectiononly,synthetic-template-25,,xss,,False
2026-01-01T00:26:00Z,synthetic-1-026-0,/synthetic/example/26,GET,200,False,complete,3,9,5,3,0,6,0,0,0,3,0,0,0,0,0,synthetic-run-v1,1,synthetic-malicious,family-1-026,synthetic-detectiononly,synthetic-template-26,,rce,,False
2026-01-01T00:26:01Z,synthetic-1-026-1,/synthetic/example/26,GET,200,False,complete,15,19,5,15,0,4,0,0,0,3,0,0,0,0,0,synthetic-run-v1,1,synthetic-malicious,family-1-026,synthetic-detectiononly,synthetic-template-26,,rce,,False
2026-01-01T00:26:02Z,synthetic-1-026-2,/synthetic/example/26,GET,200,False,complete,9,13,5,9,0,4,0,0,0,0,0,0,0,0,0,synthetic-run-v1,1,synthetic-malicious,family-1-026,synthetic-detectiononly,synthetic-template-26,,rce,,False
2026-01-01T00:27:00Z,synthetic-1-027-0,/synthetic/example/27,GET,200,False,complete,9,9,5,9,0,0,0,0,0,0,0,0,0,0,0,synthetic-run-v1,1,synthetic-malicious,family-1-027,synthetic-detectiononly,synthetic-template-27,,sqli,,False
2026-01-01T00:27:01Z,synthetic-1-027-1,/synthetic/example/27,GET,200,False,complete,3,3,5,3,0,0,0,5,0,0,0,0,0,0,0,synthetic-run-v1,1,synthetic-malicious,family-1-027,synthetic-detectiononly,synthetic-template-27,,sqli,,False
2026-01-01T00:27:02Z,synthetic-1-027-2,/synthetic/example/27,GET,200,False,complete,15,19,5,15,0,4,0,3,0,0,0,0,0,0,0,synthetic-run-v1,1,synthetic-malicious,family-1-027,synthetic-detectiononly,synthetic-template-27,,sqli,,False
2026-01-01T00:28:00Z,synthetic-1-028-0,/synthetic/example/28,GET,200,False,complete,7,9,5,7,0,2,0,0,7,0,0,0,0,0,0,synthetic-run-v1,1,synthetic-malicious,family-1-028,synthetic-detectiononly,synthetic-template-28,,xss,,False
2026-01-01T00:28:01Z,synthetic-1-028-1,/synthetic/example/28,GET,200,False,complete,9,11,5,9,0,2,0,0,10,0,0,0,0,0,0,synthetic-run-v1,1,synthetic-malicious,family-1-028,synthetic-detectiononly,synthetic-template-28,,xss,,False
2026-01-01T00:28:02Z,synthetic-1-028-2,/synthetic/example/28,GET,200,False,complete,12,18,5,12,0,6,0,0,0,0,0,0,0,0,0,synthetic-run-v1,1,synthetic-malicious,family-1-028,synthetic-detectiononly,synthetic-template-28,,xss,,False
2026-01-01T00:29:00Z,synthetic-1-029-0,/synthetic/example/29,GET,200,False,complete,3,5,5,3,0,2,0,0,0,10,0,0,0,0,0,synthetic-run-v1,1,synthetic-malicious,family-1-029,synthetic-detectiononly,synthetic-template-29,,rce,,False
2026-01-01T00:29:01Z,synthetic-1-029-1,/synthetic/example/29,GET,200,False,complete,4,4,5,4,0,0,0,0,0,10,0,0,0,0,0,synthetic-run-v1,1,synthetic-malicious,family-1-029,synthetic-detectiononly,synthetic-template-29,,rce,,False
2026-01-01T00:29:02Z,synthetic-1-029-2,/synthetic/example/29,GET,200,False,complete,4,4,5,4,0,0,0,0,0,3,0,0,0,0,0,synthetic-run-v1,1,synthetic-malicious,family-1-029,synthetic-detectiononly,synthetic-template-29,,rce,,False
2026-01-01T00:30:00Z,synthetic-1-030-0,/synthetic/example/30,GET,200,False,complete,7,7,5,7,0,0,0,3,0,0,0,0,0,0,0,synthetic-run-v1,1,synthetic-malicious,family-1-030,synthetic-detectiononly,synthetic-template-30,,sqli,,False
2026-01-01T00:30:01Z,synthetic-1-030-1,/synthetic/example/30,GET,200,False,complete,0,4,5,0,0,4,0,5,0,0,0,0,0,0,0,synthetic-run-v1,1,synthetic-malicious,family-1-030,synthetic-detectiononly,synthetic-template-30,,sqli,,False
2026-01-01T00:30:02Z,synthetic-1-030-2,/synthetic/example/30,GET,200,False,complete,9,9,5,9,0,0,0,5,0,0,0,0,0,0,0,synthetic-run-v1,1,synthetic-malicious,family-1-030,synthetic-detectiononly,synthetic-template-30,,sqli,,False
2026-01-01T00:31:00Z,synthetic-1-031-0,/synthetic/example/31,GET,200,False,complete,5,5,5,5,0,0,0,0,7,0,0,0,0,0,0,synthetic-run-v1,1,synthetic-malicious,family-1-031,synthetic-detectiononly,synthetic-template-31,,xss,,False
2026-01-01T00:31:01Z,synthetic-1-031-1,/synthetic/example/31,GET,200,False,complete,0,0,5,0,0,0,0,0,5,0,0,0,0,0,0,synthetic-run-v1,1,synthetic-malicious,family-1-031,synthetic-detectiononly,synthetic-template-31,,xss,,False
2026-01-01T00:31:02Z,synthetic-1-031-2,/synthetic/example/31,GET,200,False,complete,12,14,5,12,0,2,0,0,0,0,0,0,0,0,0,synthetic-run-v1,1,synthetic-malicious,family-1-031,synthetic-detectiononly,synthetic-template-31,,xss,,False
2026-01-01T00:32:00Z,synthetic-1-032-0,/synthetic/example/32,GET,200,False,complete,3,3,5,3,0,0,0,0,0,3,0,0,0,0,0,synthetic-run-v1,1,synthetic-malicious,family-1-032,synthetic-detectiononly,synthetic-template-32,,rce,,False
2026-01-01T00:32:01Z,synthetic-1-032-1,/synthetic/example/32,GET,200,False,complete,9,11,5,9,0,2,0,0,0,7,0,0,0,0,0,synthetic-run-v1,1,synthetic-malicious,family-1-032,synthetic-detectiononly,synthetic-template-32,,rce,,False
2026-01-01T00:32:02Z,synthetic-1-032-2,/synthetic/example/32,GET,200,False,complete,15,15,5,15,0,0,0,0,0,0,0,0,0,0,0,synthetic-run-v1,1,synthetic-malicious,family-1-032,synthetic-detectiononly,synthetic-template-32,,rce,,False
2026-01-01T00:33:00Z,synthetic-1-033-0,/synthetic/example/33,GET,200,False,complete,9,15,5,9,0,6,0,0,0,0,0,0,0,0,0,synthetic-run-v1,1,synthetic-malicious,family-1-033,synthetic-detectiononly,synthetic-template-33,,sqli,,False
2026-01-01T00:33:01Z,synthetic-1-033-1,/synthetic/example/33,GET,200,False,complete,7,7,5,7,0,0,0,7,0,0,0,0,0,0,0,synthetic-run-v1,1,synthetic-malicious,family-1-033,synthetic-detectiononly,synthetic-template-33,,sqli,,False
2026-01-01T00:33:02Z,synthetic-1-033-2,/synthetic/example/33,GET,200,False,complete,3,9,5,3,0,6,0,10,0,0,0,0,0,0,0,synthetic-run-v1,1,synthetic-malicious,family-1-033,synthetic-detectiononly,synthetic-template-33,,sqli,,False
2026-01-01T00:34:00Z,synthetic-1-034-0,/synthetic/example/34,GET,200,False,complete,5,7,5,5,0,2,0,0,5,0,0,0,0,0,0,synthetic-run-v1,1,synthetic-malicious,family-1-034,synthetic-detectiononly,synthetic-template-34,,xss,,False
2026-01-01T00:34:01Z,synthetic-1-034-1,/synthetic/example/34,GET,200,False,complete,9,9,5,9,0,0,0,0,10,0,0,0,0,0,0,synthetic-run-v1,1,synthetic-malicious,family-1-034,synthetic-detectiononly,synthetic-template-34,,xss,,False
2026-01-01T00:34:02Z,synthetic-1-034-2,/synthetic/example/34,GET,200,False,complete,3,3,5,3,0,0,0,0,0,0,0,0,0,0,0,synthetic-run-v1,1,synthetic-malicious,family-1-034,synthetic-detectiononly,synthetic-template-34,,xss,,False
2026-01-01T00:35:00Z,synthetic-1-035-0,/synthetic/example/35,GET,200,False,complete,7,11,5,7,0,4,0,0,0,5,0,0,0,0,0,synthetic-run-v1,1,synthetic-malicious,family-1-035,synthetic-detectiononly,synthetic-template-35,,rce,,False
2026-01-01T00:35:01Z,synthetic-1-035-1,/synthetic/example/35,GET,200,False,partial,3,9,5,3,0,6,0,0,,5,0,0,0,0,0,synthetic-run-v1,1,synthetic-malicious,family-1-035,synthetic-detectiononly,synthetic-template-35,,rce,,False
2026-01-01T00:35:02Z,synthetic-1-035-2,/synthetic/example/35,GET,200,False,complete,7,11,5,7,0,4,0,0,0,10,0,0,0,0,0,synthetic-run-v1,1,synthetic-malicious,family-1-035,synthetic-detectiononly,synthetic-template-35,,rce,,False
2026-01-01T00:36:00Z,synthetic-1-036-0,/synthetic/example/36,GET,200,False,complete,5,5,5,5,0,0,0,3,0,0,0,0,0,0,0,synthetic-run-v1,1,synthetic-malicious,family-1-036,synthetic-detectiononly,synthetic-template-36,,sqli,,False
2026-01-01T00:36:01Z,synthetic-1-036-1,/synthetic/example/36,GET,200,False,complete,12,14,5,12,0,2,0,5,0,0,0,0,0,0,0,synthetic-run-v1,1,synthetic-malicious,family-1-036,synthetic-detectiononly,synthetic-template-36,,sqli,,False
2026-01-01T00:36:02Z,synthetic-1-036-2,/synthetic/example/36,GET,200,False,complete,4,4,5,4,0,0,0,10,0,0,0,0,0,0,0,synthetic-run-v1,1,synthetic-malicious,family-1-036,synthetic-detectiononly,synthetic-template-36,,sqli,,False
2026-01-01T00:37:00Z,synthetic-1-037-0,/synthetic/example/37,GET,200,False,complete,3,7,5,3,0,4,0,0,5,0,0,0,0,0,0,synthetic-run-v1,1,synthetic-malicious,family-1-037,synthetic-detectiononly,synthetic-template-37,,xss,,False
2026-01-01T00:37:01Z,synthetic-1-037-1,/synthetic/example/37,GET,200,False,complete,5,5,5,5,0,0,0,0,0,0,0,0,0,0,0,synthetic-run-v1,1,synthetic-malicious,family-1-037,synthetic-detectiononly,synthetic-template-37,,xss,,False
2026-01-01T00:37:02Z,synthetic-1-037-2,/synthetic/example/37,GET,200,False,complete,7,9,5,7,0,2,0,0,3,0,0,0,0,0,0,synthetic-run-v1,1,synthetic-malicious,family-1-037,synthetic-detectiononly,synthetic-template-37,,xss,,False
2026-01-01T00:38:00Z,synthetic-1-038-0,/synthetic/example/38,GET,200,False,complete,5,7,5,5,0,2,0,0,0,7,0,0,0,0,0,synthetic-run-v1,1,synthetic-malicious,family-1-038,synthetic-detectiononly,synthetic-template-38,,rce,,False
2026-01-01T00:38:01Z,synthetic-1-038-1,/synthetic/example/38,GET,200,False,complete,0,0,5,0,0,0,0,0,0,0,0,0,0,0,0,synthetic-run-v1,1,synthetic-malicious,family-1-038,synthetic-detectiononly,synthetic-template-38,,rce,,False
2026-01-01T00:38:02Z,synthetic-1-038-2,/synthetic/example/38,GET,200,False,complete,7,7,5,7,0,0,0,0,0,7,0,0,0,0,0,synthetic-run-v1,1,synthetic-malicious,family-1-038,synthetic-detectiononly,synthetic-template-38,,rce,,False
2026-01-01T00:39:00Z,synthetic-1-039-0,/synthetic/example/39,GET,200,False,complete,7,7,5,7,0,0,0,5,0,0,0,0,0,0,0,synthetic-run-v1,1,synthetic-malicious,family-1-039,synthetic-detectiononly,synthetic-template-39,,sqli,,False
2026-01-01T00:39:01Z,synthetic-1-039-1,/synthetic/example/39,GET,200,False,complete,4,4,5,4,0,0,0,7,0,0,0,0,0,0,0,synthetic-run-v1,1,synthetic-malicious,family-1-039,synthetic-detectiononly,synthetic-template-39,,sqli,,False
2026-01-01T00:39:02Z,synthetic-1-039-2,/synthetic/example/39,GET,200,False,complete,4,4,5,4,0,0,0,3,0,0,0,0,0,0,0,synthetic-run-v1,1,synthetic-malicious,family-1-039,synthetic-detectiononly,synthetic-template-39,,sqli,,False
2026-01-01T00:40:00Z,synthetic-1-040-0,/synthetic/example/40,GET,200,False,complete,3,3,5,3,0,0,0,0,5,0,0,0,0,0,0,synthetic-run-v1,1,synthetic-malicious,family-1-040,synthetic-detectiononly,synthetic-template-40,,xss,,False
2026-01-01T00:40:01Z,synthetic-1-040-1,/synthetic/example/40,GET,200,False,complete,3,5,5,3,0,2,0,0,5,0,0,0,0,0,0,synthetic-run-v1,1,synthetic-malicious,family-1-040,synthetic-detectiononly,synthetic-template-40,,xss,,False
2026-01-01T00:40:02Z,synthetic-1-040-2,/synthetic/example/40,GET,200,False,complete,12,16,5,12,0,4,0,0,0,0,0,0,0,0,0,synthetic-run-v1,1,synthetic-malicious,family-1-040,synthetic-detectiononly,synthetic-template-40,,xss,,False
2026-01-01T00:41:00Z,synthetic-1-041-0,/synthetic/example/41,GET,200,False,complete,0,0,5,0,0,0,0,0,0,10,0,0,0,0,0,synthetic-run-v1,1,synthetic-malicious,family-1-041,synthetic-detectiononly,synthetic-template-41,,rce,,False
2026-01-01T00:41:01Z,synthetic-1-041-1,/synthetic/example/41,GET,200,False,complete,9,9,5,9,0,0,0,0,0,10,0,0,0,0,0,synthetic-run-v1,1,synthetic-malicious,family-1-041,synthetic-detectiononly,synthetic-template-41,,rce,,False
2026-01-01T00:41:02Z,synthetic-1-041-2,/synthetic/example/41,GET,200,False,complete,7,7,5,7,0,0,0,0,0,10,0,0,0,0,0,synthetic-run-v1,1,synthetic-malicious,family-1-041,synthetic-detectiononly,synthetic-template-41,,rce,,False
2026-01-01T00:42:00Z,synthetic-1-042-0,/synthetic/example/42,GET,200,False,complete,3,5,5,3,0,2,0,5,0,0,0,0,0,0,0,synthetic-run-v1,1,synthetic-malicious,family-1-042,synthetic-detectiononly,synthetic-template-42,,sqli,,False
2026-01-01T00:42:01Z,synthetic-1-042-1,/synthetic/example/42,GET,200,False,complete,3,3,5,3,0,0,0,0,0,0,0,0,0,0,0,synthetic-run-v1,1,synthetic-malicious,family-1-042,synthetic-detectiononly,synthetic-template-42,,sqli,,False
2026-01-01T00:42:02Z,synthetic-1-042-2,/synthetic/example/42,GET,200,False,complete,12,16,5,12,0,4,0,3,0,0,0,0,0,0,0,synthetic-run-v1,1,synthetic-malicious,family-1-042,synthetic-detectiononly,synthetic-template-42,,sqli,,False
2026-01-01T00:43:00Z,synthetic-1-043-0,/synthetic/example/43,GET,200,False,complete,5,7,5,5,0,2,0,0,5,0,0,0,0,0,0,synthetic-run-v1,1,synthetic-malicious,family-1-043,synthetic-detectiononly,synthetic-template-43,,xss,,False
2026-01-01T00:43:01Z,synthetic-1-043-1,/synthetic/example/43,GET,200,False,complete,7,7,5,7,0,0,0,0,7,0,0,0,0,0,0,synthetic-run-v1,1,synthetic-malicious,family-1-043,synthetic-detectiononly,synthetic-template-43,,xss,,False
2026-01-01T00:43:02Z,synthetic-1-043-2,/synthetic/example/43,GET,200,False,complete,4,8,5,4,0,4,0,0,0,0,0,0,0,0,0,synthetic-run-v1,1,synthetic-malicious,family-1-043,synthetic-detectiononly,synthetic-template-43,,xss,,False
2026-01-01T00:44:00Z,synthetic-1-044-0,/synthetic/example/44,GET,200,False,complete,3,3,5,3,0,0,0,0,0,5,0,0,0,0,0,synthetic-run-v1,1,synthetic-malicious,family-1-044,synthetic-detectiononly,synthetic-template-44,,rce,,False
2026-01-01T00:44:01Z,synthetic-1-044-1,/synthetic/example/44,GET,200,False,complete,5,9,5,5,0,4,0,0,0,10,0,0,0,0,0,synthetic-run-v1,1,synthetic-malicious,family-1-044,synthetic-detectiononly,synthetic-template-44,,rce,,False
2026-01-01T00:44:02Z,synthetic-1-044-2,/synthetic/example/44,GET,200,False,complete,15,19,5,15,0,4,0,0,0,5,0,0,0,0,0,synthetic-run-v1,1,synthetic-malicious,family-1-044,synthetic-detectiononly,synthetic-template-44,,rce,,False
2026-01-01T00:45:00Z,synthetic-1-045-0,/synthetic/example/45,GET,200,False,complete,0,2,5,0,0,2,0,0,0,0,0,0,0,0,0,synthetic-run-v1,1,synthetic-malicious,family-1-045,synthetic-detectiononly,synthetic-template-45,,sqli,,False
2026-01-01T00:45:01Z,synthetic-1-045-1,/synthetic/example/45,GET,200,False,complete,9,9,5,9,0,0,0,7,0,0,0,0,0,0,0,synthetic-run-v1,1,synthetic-malicious,family-1-045,synthetic-detectiononly,synthetic-template-45,,sqli,,False
2026-01-01T00:45:02Z,synthetic-1-045-2,/synthetic/example/45,GET,200,False,complete,12,12,5,12,0,0,0,5,0,0,0,0,0,0,0,synthetic-run-v1,1,synthetic-malicious,family-1-045,synthetic-detectiononly,synthetic-template-45,,sqli,,False
2026-01-01T00:46:00Z,synthetic-1-046-0,/synthetic/example/46,GET,200,False,complete,4,4,5,4,0,0,0,0,10,0,0,0,0,0,0,synthetic-run-v1,1,synthetic-malicious,family-1-046,synthetic-detectiononly,synthetic-template-46,,xss,,False
2026-01-01T00:46:01Z,synthetic-1-046-1,/synthetic/example/46,GET,200,False,complete,0,2,5,0,0,2,0,0,7,0,0,0,0,0,0,synthetic-run-v1,1,synthetic-malicious,family-1-046,synthetic-detectiononly,synthetic-template-46,,xss,,False
2026-01-01T00:46:02Z,synthetic-1-046-2,/synthetic/example/46,GET,200,False,complete,3,7,5,3,0,4,0,0,0,0,0,0,0,0,0,synthetic-run-v1,1,synthetic-malicious,family-1-046,synthetic-detectiononly,synthetic-template-46,,xss,,False
2026-01-01T00:47:00Z,synthetic-1-047-0,/synthetic/example/47,GET,200,False,complete,5,5,5,5,0,0,0,0,0,7,0,0,0,0,0,synthetic-run-v1,1,synthetic-malicious,family-1-047,synthetic-detectiononly,synthetic-template-47,,rce,,False
2026-01-01T00:47:01Z,synthetic-1-047-1,/synthetic/example/47,GET,200,False,complete,12,12,5,12,0,0,0,0,0,10,0,0,0,0,0,synthetic-run-v1,1,synthetic-malicious,family-1-047,synthetic-detectiononly,synthetic-template-47,,rce,,False
2026-01-01T00:47:02Z,synthetic-1-047-2,/synthetic/example/47,GET,200,False,complete,3,9,5,3,0,6,0,0,0,7,0,0,0,0,0,synthetic-run-v1,1,synthetic-malicious,family-1-047,synthetic-detectiononly,synthetic-template-47,,rce,,False
2026-01-01T00:48:00Z,synthetic-1-048-0,/synthetic/example/48,GET,200,False,complete,12,16,5,12,0,4,0,3,0,0,0,0,0,0,0,synthetic-run-v1,1,synthetic-malicious,family-1-048,synthetic-detectiononly,synthetic-template-48,,sqli,,False
2026-01-01T00:48:01Z,synthetic-1-048-1,/synthetic/example/48,GET,200,False,complete,3,7,5,3,0,4,0,7,0,0,0,0,0,0,0,synthetic-run-v1,1,synthetic-malicious,family-1-048,synthetic-detectiononly,synthetic-template-48,,sqli,,False
2026-01-01T00:48:02Z,synthetic-1-048-2,/synthetic/example/48,GET,200,False,complete,7,11,5,7,0,4,0,3,0,0,0,0,0,0,0,synthetic-run-v1,1,synthetic-malicious,family-1-048,synthetic-detectiononly,synthetic-template-48,,sqli,,False
2026-01-01T00:49:00Z,synthetic-1-049-0,/synthetic/example/49,GET,200,False,complete,4,8,5,4,0,4,0,0,3,0,0,0,0,0,0,synthetic-run-v1,1,synthetic-malicious,family-1-049,synthetic-detectiononly,synthetic-template-49,,xss,,False
2026-01-01T00:49:01Z,synthetic-1-049-1,/synthetic/example/49,GET,200,False,complete,15,15,5,15,0,0,0,0,5,0,0,0,0,0,0,synthetic-run-v1,1,synthetic-malicious,family-1-049,synthetic-detectiononly,synthetic-template-49,,xss,,False
2026-01-01T00:49:02Z,synthetic-1-049-2,/synthetic/example/49,GET,200,False,complete,0,0,5,0,0,0,0,0,0,0,0,0,0,0,0,synthetic-run-v1,1,synthetic-malicious,family-1-049,synthetic-detectiononly,synthetic-template-49,,xss,,False
2026-01-01T00:50:00Z,synthetic-1-050-0,/synthetic/example/50,GET,200,False,complete,5,5,5,5,0,0,0,0,0,5,0,0,0,0,0,synthetic-run-v1,1,synthetic-malicious,family-1-050,synthetic-detectiononly,synthetic-template-50,,rce,,False
2026-01-01T00:50:01Z,synthetic-1-050-1,/synthetic/example/50,GET,200,False,complete,4,4,5,4,0,0,0,0,0,7,0,0,0,0,0,synthetic-run-v1,1,synthetic-malicious,family-1-050,synthetic-detectiononly,synthetic-template-50,,rce,,False
2026-01-01T00:50:02Z,synthetic-1-050-2,/synthetic/example/50,GET,200,False,complete,4,4,5,4,0,0,0,0,0,7,0,0,0,0,0,synthetic-run-v1,1,synthetic-malicious,family-1-050,synthetic-detectiononly,synthetic-template-50,,rce,,False
2026-01-01T00:51:00Z,synthetic-1-051-0,/synthetic/example/51,GET,200,False,complete,15,21,5,15,0,6,0,0,0,0,0,0,0,0,0,synthetic-run-v1,1,synthetic-malicious,family-1-051,synthetic-detectiononly,synthetic-template-51,,sqli,,False
2026-01-01T00:51:01Z,synthetic-1-051-1,/synthetic/example/51,GET,200,False,complete,0,6,5,0,0,6,0,3,0,0,0,0,0,0,0,synthetic-run-v1,1,synthetic-malicious,family-1-051,synthetic-detectiononly,synthetic-template-51,,sqli,,False
2026-01-01T00:51:02Z,synthetic-1-051-2,/synthetic/example/51,GET,200,False,complete,15,21,5,15,0,6,0,5,0,0,0,0,0,0,0,synthetic-run-v1,1,synthetic-malicious,family-1-051,synthetic-detectiononly,synthetic-template-51,,sqli,,False
2026-01-01T00:52:00Z,synthetic-1-052-0,/synthetic/example/52,GET,200,False,complete,9,9,5,9,0,0,0,0,0,0,0,0,0,0,0,synthetic-run-v1,1,synthetic-malicious,family-1-052,synthetic-detectiononly,synthetic-template-52,,xss,,False
2026-01-01T00:52:01Z,synthetic-1-052-1,/synthetic/example/52,GET,200,False,complete,0,0,5,0,0,0,0,0,10,0,0,0,0,0,0,synthetic-run-v1,1,synthetic-malicious,family-1-052,synthetic-detectiononly,synthetic-template-52,,xss,,False
2026-01-01T00:52:02Z,synthetic-1-052-2,/synthetic/example/52,GET,200,False,complete,4,6,5,4,0,2,0,0,5,0,0,0,0,0,0,synthetic-run-v1,1,synthetic-malicious,family-1-052,synthetic-detectiononly,synthetic-template-52,,xss,,False
2026-01-01T00:53:00Z,synthetic-1-053-0,/synthetic/example/53,GET,200,False,partial,9,9,5,9,0,0,0,0,,7,0,0,0,0,0,synthetic-run-v1,1,synthetic-malicious,family-1-053,synthetic-detectiononly,synthetic-template-53,,rce,,False
2026-01-01T00:53:01Z,synthetic-1-053-1,/synthetic/example/53,GET,200,False,complete,3,5,5,3,0,2,0,0,0,0,0,0,0,0,0,synthetic-run-v1,1,synthetic-malicious,family-1-053,synthetic-detectiononly,synthetic-template-53,,rce,,False
2026-01-01T00:53:02Z,synthetic-1-053-2,/synthetic/example/53,GET,200,False,complete,4,10,5,4,0,6,0,0,0,7,0,0,0,0,0,synthetic-run-v1,1,synthetic-malicious,family-1-053,synthetic-detectiononly,synthetic-template-53,,rce,,False
2026-01-01T00:54:00Z,synthetic-1-054-0,/synthetic/example/54,GET,200,False,complete,0,0,5,0,0,0,0,5,0,0,0,0,0,0,0,synthetic-run-v1,1,synthetic-malicious,family-1-054,synthetic-detectiononly,synthetic-template-54,,sqli,,False
2026-01-01T00:54:01Z,synthetic-1-054-1,/synthetic/example/54,GET,200,False,complete,0,0,5,0,0,0,0,5,0,0,0,0,0,0,0,synthetic-run-v1,1,synthetic-malicious,family-1-054,synthetic-detectiononly,synthetic-template-54,,sqli,,False
2026-01-01T00:54:02Z,synthetic-1-054-2,/synthetic/example/54,GET,200,False,complete,7,13,5,7,0,6,0,3,0,0,0,0,0,0,0,synthetic-run-v1,1,synthetic-malicious,family-1-054,synthetic-detectiononly,synthetic-template-54,,sqli,,False
2026-01-01T00:55:00Z,synthetic-1-055-0,/synthetic/example/55,GET,200,False,complete,0,0,5,0,0,0,0,0,5,0,0,0,0,0,0,synthetic-run-v1,1,synthetic-malicious,family-1-055,synthetic-detectiononly,synthetic-template-55,,xss,,False
2026-01-01T00:55:01Z,synthetic-1-055-1,/synthetic/example/55,GET,200,False,complete,3,3,5,3,0,0,0,0,7,0,0,0,0,0,0,synthetic-run-v1,1,synthetic-malicious,family-1-055,synthetic-detectiononly,synthetic-template-55,,xss,,False
2026-01-01T00:55:02Z,synthetic-1-055-2,/synthetic/example/55,GET,200,False,complete,0,6,5,0,0,6,0,0,7,0,0,0,0,0,0,synthetic-run-v1,1,synthetic-malicious,family-1-055,synthetic-detectiononly,synthetic-template-55,,xss,,False
2026-01-01T00:56:00Z,synthetic-1-056-0,/synthetic/example/56,GET,200,False,complete,5,7,5,5,0,2,0,0,0,10,0,0,0,0,0,synthetic-run-v1,1,synthetic-malicious,family-1-056,synthetic-detectiononly,synthetic-template-56,,rce,,False
2026-01-01T00:56:01Z,synthetic-1-056-1,/synthetic/example/56,GET,200,False,complete,4,4,5,4,0,0,0,0,0,7,0,0,0,0,0,synthetic-run-v1,1,synthetic-malicious,family-1-056,synthetic-detectiononly,synthetic-template-56,,rce,,False
2026-01-01T00:56:02Z,synthetic-1-056-2,/synthetic/example/56,GET,200,False,complete,9,11,5,9,0,2,0,0,0,0,0,0,0,0,0,synthetic-run-v1,1,synthetic-malicious,family-1-056,synthetic-detectiononly,synthetic-template-56,,rce,,False
2026-01-01T00:57:00Z,synthetic-1-057-0,/synthetic/example/57,GET,200,False,complete,5,5,5,5,0,0,0,10,0,0,0,0,0,0,0,synthetic-run-v1,1,synthetic-malicious,family-1-057,synthetic-detectiononly,synthetic-template-57,,sqli,,False
2026-01-01T00:57:01Z,synthetic-1-057-1,/synthetic/example/57,GET,200,False,complete,15,15,5,15,0,0,0,10,0,0,0,0,0,0,0,synthetic-run-v1,1,synthetic-malicious,family-1-057,synthetic-detectiononly,synthetic-template-57,,sqli,,False
2026-01-01T00:57:02Z,synthetic-1-057-2,/synthetic/example/57,GET,200,False,complete,7,7,5,7,0,0,0,10,0,0,0,0,0,0,0,synthetic-run-v1,1,synthetic-malicious,family-1-057,synthetic-detectiononly,synthetic-template-57,,sqli,,False
2026-01-01T00:58:00Z,synthetic-1-058-0,/synthetic/example/58,GET,200,False,complete,3,9,5,3,0,6,0,0,7,0,0,0,0,0,0,synthetic-run-v1,1,synthetic-malicious,family-1-058,synthetic-detectiononly,synthetic-template-58,,xss,,False
2026-01-01T00:58:01Z,synthetic-1-058-1,/synthetic/example/58,GET,200,False,complete,9,9,5,9,0,0,0,0,7,0,0,0,0,0,0,synthetic-run-v1,1,synthetic-malicious,family-1-058,synthetic-detectiononly,synthetic-template-58,,xss,,False
2026-01-01T00:58:02Z,synthetic-1-058-2,/synthetic/example/58,GET,200,False,complete,7,7,5,7,0,0,0,0,10,0,0,0,0,0,0,synthetic-run-v1,1,synthetic-malicious,family-1-058,synthetic-detectiononly,synthetic-template-58,,xss,,False
2026-01-01T00:59:00Z,synthetic-1-059-0,/synthetic/example/59,GET,200,False,complete,12,18,5,12,0,6,0,0,0,3,0,0,0,0,0,synthetic-run-v1,1,synthetic-malicious,family-1-059,synthetic-detectiononly,synthetic-template-59,,rce,,False
2026-01-01T00:59:01Z,synthetic-1-059-1,/synthetic/example/59,GET,200,False,complete,7,7,5,7,0,0,0,0,0,3,0,0,0,0,0,synthetic-run-v1,1,synthetic-malicious,family-1-059,synthetic-detectiononly,synthetic-template-59,,rce,,False
2026-01-01T00:59:02Z,synthetic-1-059-2,/synthetic/example/59,GET,200,False,complete,5,7,5,5,0,2,0,0,0,7,0,0,0,0,0,synthetic-run-v1,1,synthetic-malicious,family-1-059,synthetic-detectiononly,synthetic-template-59,,rce,,False
2026-01-01T00:00:00Z,synthetic-1-060-0,/synthetic/example/60,GET,200,False,complete,4,4,5,4,0,0,0,3,0,0,0,0,0,0,0,synthetic-run-v1,1,synthetic-malicious,family-1-060,synthetic-detectiononly,synthetic-template-60,,sqli,,False
2026-01-01T00:00:01Z,synthetic-1-060-1,/synthetic/example/60,GET,200,False,complete,15,15,5,15,0,0,0,7,0,0,0,0,0,0,0,synthetic-run-v1,1,synthetic-malicious,family-1-060,synthetic-detectiononly,synthetic-template-60,,sqli,,False
2026-01-01T00:00:02Z,synthetic-1-060-2,/synthetic/example/60,GET,200,False,complete,12,16,5,12,0,4,0,5,0,0,0,0,0,0,0,synthetic-run-v1,1,synthetic-malicious,family-1-060,synthetic-detectiononly,synthetic-template-60,,sqli,,False
2026-01-01T00:01:00Z,synthetic-1-061-0,/synthetic/example/61,GET,200,False,complete,7,7,5,7,0,0,0,0,0,0,0,0,0,0,0,synthetic-run-v1,1,synthetic-malicious,family-1-061,synthetic-detectiononly,synthetic-template-61,,xss,,False
2026-01-01T00:01:01Z,synthetic-1-061-1,/synthetic/example/61,GET,200,False,complete,0,6,5,0,0,6,0,0,3,0,0,0,0,0,0,synthetic-run-v1,1,synthetic-malicious,family-1-061,synthetic-detectiononly,synthetic-template-61,,xss,,False
2026-01-01T00:01:02Z,synthetic-1-061-2,/synthetic/example/61,GET,200,False,complete,3,3,5,3,0,0,0,0,10,0,0,0,0,0,0,synthetic-run-v1,1,synthetic-malicious,family-1-061,synthetic-detectiononly,synthetic-template-61,,xss,,False
2026-01-01T00:02:00Z,synthetic-1-062-0,/synthetic/example/62,GET,200,False,complete,7,11,5,7,0,4,0,0,0,3,0,0,0,0,0,synthetic-run-v1,1,synthetic-malicious,family-1-062,synthetic-detectiononly,synthetic-template-62,,rce,,False
2026-01-01T00:02:01Z,synthetic-1-062-1,/synthetic/example/62,GET,200,False,complete,15,17,5,15,0,2,0,0,0,10,0,0,0,0,0,synthetic-run-v1,1,synthetic-malicious,family-1-062,synthetic-detectiononly,synthetic-template-62,,rce,,False
2026-01-01T00:02:02Z,synthetic-1-062-2,/synthetic/example/62,GET,200,False,complete,15,17,5,15,0,2,0,0,0,10,0,0,0,0,0,synthetic-run-v1,1,synthetic-malicious,family-1-062,synthetic-detectiononly,synthetic-template-62,,rce,,False
2026-01-01T00:03:00Z,synthetic-1-063-0,/synthetic/example/63,GET,200,False,complete,4,6,5,4,0,2,0,5,0,0,0,0,0,0,0,synthetic-run-v1,1,synthetic-malicious,family-1-063,synthetic-detectiononly,synthetic-template-63,,sqli,,False
2026-01-01T00:03:01Z,synthetic-1-063-1,/synthetic/example/63,GET,200,False,complete,9,11,5,9,0,2,0,7,0,0,0,0,0,0,0,synthetic-run-v1,1,synthetic-malicious,family-1-063,synthetic-detectiononly,synthetic-template-63,,sqli,,False
2026-01-01T00:03:02Z,synthetic-1-063-2,/synthetic/example/63,GET,200,False,complete,12,12,5,12,0,0,0,7,0,0,0,0,0,0,0,synthetic-run-v1,1,synthetic-malicious,family-1-063,synthetic-detectiononly,synthetic-template-63,,sqli,,False
2026-01-01T00:04:00Z,synthetic-1-064-0,/synthetic/example/64,GET,200,False,complete,3,7,5,3,0,4,0,0,3,0,0,0,0,0,0,synthetic-run-v1,1,synthetic-malicious,family-1-064,synthetic-detectiononly,synthetic-template-64,,xss,,False
2026-01-01T00:04:01Z,synthetic-1-064-1,/synthetic/example/64,GET,200,False,complete,7,9,5,7,0,2,0,0,5,0,0,0,0,0,0,synthetic-run-v1,1,synthetic-malicious,family-1-064,synthetic-detectiononly,synthetic-template-64,,xss,,False
2026-01-01T00:04:02Z,synthetic-1-064-2,/synthetic/example/64,GET,200,False,complete,5,5,5,5,0,0,0,0,3,0,0,0,0,0,0,synthetic-run-v1,1,synthetic-malicious,family-1-064,synthetic-detectiononly,synthetic-template-64,,xss,,False
2026-01-01T00:05:00Z,synthetic-1-065-0,/synthetic/example/65,GET,200,False,complete,15,15,5,15,0,0,0,0,0,10,0,0,0,0,0,synthetic-run-v1,1,synthetic-malicious,family-1-065,synthetic-detectiononly,synthetic-template-65,,rce,,False
2026-01-01T00:05:01Z,synthetic-1-065-1,/synthetic/example/65,GET,200,False,complete,5,11,5,5,0,6,0,0,0,7,0,0,0,0,0,synthetic-run-v1,1,synthetic-malicious,family-1-065,synthetic-detectiononly,synthetic-template-65,,rce,,False
2026-01-01T00:05:02Z,synthetic-1-065-2,/synthetic/example/65,GET,200,False,complete,15,17,5,15,0,2,0,0,0,0,0,0,0,0,0,synthetic-run-v1,1,synthetic-malicious,family-1-065,synthetic-detectiononly,synthetic-template-65,,rce,,False
2026-01-01T00:06:00Z,synthetic-1-066-0,/synthetic/example/66,GET,200,False,complete,4,4,5,4,0,0,0,5,0,0,0,0,0,0,0,synthetic-run-v1,1,synthetic-malicious,family-1-066,synthetic-detectiononly,synthetic-template-66,,sqli,,False
2026-01-01T00:06:01Z,synthetic-1-066-1,/synthetic/example/66,GET,200,False,complete,3,3,5,3,0,0,0,0,0,0,0,0,0,0,0,synthetic-run-v1,1,synthetic-malicious,family-1-066,synthetic-detectiononly,synthetic-template-66,,sqli,,False
2026-01-01T00:06:02Z,synthetic-1-066-2,/synthetic/example/66,GET,200,False,complete,3,7,5,3,0,4,0,10,0,0,0,0,0,0,0,synthetic-run-v1,1,synthetic-malicious,family-1-066,synthetic-detectiononly,synthetic-template-66,,sqli,,False
2026-01-01T00:07:00Z,synthetic-1-067-0,/synthetic/example/67,GET,200,False,complete,7,7,5,7,0,0,0,0,7,0,0,0,0,0,0,synthetic-run-v1,1,synthetic-malicious,family-1-067,synthetic-detectiononly,synthetic-template-67,,xss,,False
2026-01-01T00:07:01Z,synthetic-1-067-1,/synthetic/example/67,GET,200,False,complete,12,18,5,12,0,6,0,0,7,0,0,0,0,0,0,synthetic-run-v1,1,synthetic-malicious,family-1-067,synthetic-detectiononly,synthetic-template-67,,xss,,False
2026-01-01T00:07:02Z,synthetic-1-067-2,/synthetic/example/67,GET,200,False,complete,4,4,5,4,0,0,0,0,5,0,0,0,0,0,0,synthetic-run-v1,1,synthetic-malicious,family-1-067,synthetic-detectiononly,synthetic-template-67,,xss,,False
2026-01-01T00:08:00Z,synthetic-1-068-0,/synthetic/example/68,GET,200,False,complete,15,19,5,15,0,4,0,0,0,7,0,0,0,0,0,synthetic-run-v1,1,synthetic-malicious,family-1-068,synthetic-detectiononly,synthetic-template-68,,rce,,False
2026-01-01T00:08:01Z,synthetic-1-068-1,/synthetic/example/68,GET,200,False,complete,4,4,5,4,0,0,0,0,0,3,0,0,0,0,0,synthetic-run-v1,1,synthetic-malicious,family-1-068,synthetic-detectiononly,synthetic-template-68,,rce,,False
2026-01-01T00:08:02Z,synthetic-1-068-2,/synthetic/example/68,GET,200,False,complete,5,7,5,5,0,2,0,0,0,0,0,0,0,0,0,synthetic-run-v1,1,synthetic-malicious,family-1-068,synthetic-detectiononly,synthetic-template-68,,rce,,False
2026-01-01T00:09:00Z,synthetic-1-069-0,/synthetic/example/69,GET,200,False,complete,15,15,5,15,0,0,0,10,0,0,0,0,0,0,0,synthetic-run-v1,1,synthetic-malicious,family-1-069,synthetic-detectiononly,synthetic-template-69,,sqli,,False
2026-01-01T00:09:01Z,synthetic-1-069-1,/synthetic/example/69,GET,200,False,complete,9,9,5,9,0,0,0,7,0,0,0,0,0,0,0,synthetic-run-v1,1,synthetic-malicious,family-1-069,synthetic-detectiononly,synthetic-template-69,,sqli,,False
2026-01-01T00:09:02Z,synthetic-1-069-2,/synthetic/example/69,GET,200,False,complete,4,4,5,4,0,0,0,5,0,0,0,0,0,0,0,synthetic-run-v1,1,synthetic-malicious,family-1-069,synthetic-detectiononly,synthetic-template-69,,sqli,,False
2026-01-01T00:10:00Z,synthetic-1-070-0,/synthetic/example/70,GET,200,False,complete,4,4,5,4,0,0,0,0,7,0,0,0,0,0,0,synthetic-run-v1,1,synthetic-malicious,family-1-070,synthetic-detectiononly,synthetic-template-70,,xss,,False
2026-01-01T00:10:01Z,synthetic-1-070-1,/synthetic/example/70,GET,200,False,complete,0,2,5,0,0,2,0,0,5,0,0,0,0,0,0,synthetic-run-v1,1,synthetic-malicious,family-1-070,synthetic-detectiononly,synthetic-template-70,,xss,,False
2026-01-01T00:10:02Z,synthetic-1-070-2,/synthetic/example/70,GET,200,False,partial,0,0,5,0,0,0,0,0,,0,0,0,0,0,0,synthetic-run-v1,1,synthetic-malicious,family-1-070,synthetic-detectiononly,synthetic-template-70,,xss,,False
2026-01-01T00:11:00Z,synthetic-1-071-0,/synthetic/example/71,GET,200,False,complete,9,15,5,9,0,6,0,0,0,5,0,0,0,0,0,synthetic-run-v1,1,synthetic-malicious,family-1-071,synthetic-detectiononly,synthetic-template-71,,rce,,False
2026-01-01T00:11:01Z,synthetic-1-071-1,/synthetic/example/71,GET,200,False,complete,7,7,5,7,0,0,0,0,0,3,0,0,0,0,0,synthetic-run-v1,1,synthetic-malicious,family-1-071,synthetic-detectiononly,synthetic-template-71,,rce,,False
2026-01-01T00:11:02Z,synthetic-1-071-2,/synthetic/example/71,GET,200,False,complete,12,14,5,12,0,2,0,0,0,10,0,0,0,0,0,synthetic-run-v1,1,synthetic-malicious,family-1-071,synthetic-detectiononly,synthetic-template-71,,rce,,False
2026-01-01T00:12:00Z,synthetic-1-072-0,/synthetic/example/72,GET,200,False,complete,5,5,5,5,0,0,0,5,0,0,0,0,0,0,0,synthetic-run-v1,1,synthetic-malicious,family-1-072,synthetic-detectiononly,synthetic-template-72,,sqli,,False
2026-01-01T00:12:01Z,synthetic-1-072-1,/synthetic/example/72,GET,200,False,complete,0,4,5,0,0,4,0,0,0,0,0,0,0,0,0,synthetic-run-v1,1,synthetic-malicious,family-1-072,synthetic-detectiononly,synthetic-template-72,,sqli,,False
2026-01-01T00:12:02Z,synthetic-1-072-2,/synthetic/example/72,GET,200,False,complete,15,15,5,15,0,0,0,0,0,0,0,0,0,0,0,synthetic-run-v1,1,synthetic-malicious,family-1-072,synthetic-detectiononly,synthetic-template-72,,sqli,,False
2026-01-01T00:13:00Z,synthetic-1-073-0,/synthetic/example/73,GET,200,False,complete,12,16,5,12,0,4,0,0,3,0,0,0,0,0,0,synthetic-run-v1,1,synthetic-malicious,family-1-073,synthetic-detectiononly,synthetic-template-73,,xss,,False
2026-01-01T00:13:01Z,synthetic-1-073-1,/synthetic/example/73,GET,200,False,complete,5,11,5,5,0,6,0,0,3,0,0,0,0,0,0,synthetic-run-v1,1,synthetic-malicious,family-1-073,synthetic-detectiononly,synthetic-template-73,,xss,,False
2026-01-01T00:13:02Z,synthetic-1-073-2,/synthetic/example/73,GET,200,False,complete,7,11,5,7,0,4,0,0,10,0,0,0,0,0,0,synthetic-run-v1,1,synthetic-malicious,family-1-073,synthetic-detectiononly,synthetic-template-73,,xss,,False
2026-01-01T00:14:00Z,synthetic-1-074-0,/synthetic/example/74,GET,200,False,complete,9,9,5,9,0,0,0,0,0,3,0,0,0,0,0,synthetic-run-v1,1,synthetic-malicious,family-1-074,synthetic-detectiononly,synthetic-template-74,,rce,,False
2026-01-01T00:14:01Z,synthetic-1-074-1,/synthetic/example/74,GET,200,False,complete,15,17,5,15,0,2,0,0,0,0,0,0,0,0,0,synthetic-run-v1,1,synthetic-malicious,family-1-074,synthetic-detectiononly,synthetic-template-74,,rce,,False
2026-01-01T00:14:02Z,synthetic-1-074-2,/synthetic/example/74,GET,200,False,complete,4,4,5,4,0,0,0,0,0,0,0,0,0,0,0,synthetic-run-v1,1,synthetic-malicious,family-1-074,synthetic-detectiononly,synthetic-template-74,,rce,,False
2026-01-01T00:15:00Z,synthetic-1-075-0,/synthetic/example/75,GET,200,False,complete,9,9,5,9,0,0,0,3,0,0,0,0,0,0,0,synthetic-run-v1,1,synthetic-malicious,family-1-075,synthetic-detectiononly,synthetic-template-75,,sqli,,False
2026-01-01T00:15:01Z,synthetic-1-075-1,/synthetic/example/75,GET,200,False,complete,5,9,5,5,0,4,0,10,0,0,0,0,0,0,0,synthetic-run-v1,1,synthetic-malicious,family-1-075,synthetic-detectiononly,synthetic-template-75,,sqli,,False
2026-01-01T00:15:02Z,synthetic-1-075-2,/synthetic/example/75,GET,200,False,complete,9,9,5,9,0,0,0,10,0,0,0,0,0,0,0,synthetic-run-v1,1,synthetic-malicious,family-1-075,synthetic-detectiononly,synthetic-template-75,,sqli,,False
2026-01-01T00:16:00Z,synthetic-1-076-0,/synthetic/example/76,GET,200,False,complete,15,15,5,15,0,0,0,0,5,0,0,0,0,0,0,synthetic-run-v1,1,synthetic-malicious,family-1-076,synthetic-detectiononly,synthetic-template-76,,xss,,False
2026-01-01T00:16:01Z,synthetic-1-076-1,/synthetic/example/76,GET,200,False,complete,15,21,5,15,0,6,0,0,10,0,0,0,0,0,0,synthetic-run-v1,1,synthetic-malicious,family-1-076,synthetic-detectiononly,synthetic-template-76,,xss,,False
2026-01-01T00:16:02Z,synthetic-1-076-2,/synthetic/example/76,GET,200,False,complete,0,6,5,0,0,6,0,0,10,0,0,0,0,0,0,synthetic-run-v1,1,synthetic-malicious,family-1-076,synthetic-detectiononly,synthetic-template-76,,xss,,False
2026-01-01T00:17:00Z,synthetic-1-077-0,/synthetic/example/77,GET,200,False,complete,3,3,5,3,0,0,0,0,0,10,0,0,0,0,0,synthetic-run-v1,1,synthetic-malicious,family-1-077,synthetic-detectiononly,synthetic-template-77,,rce,,False
2026-01-01T00:17:01Z,synthetic-1-077-1,/synthetic/example/77,GET,200,False,complete,7,11,5,7,0,4,0,0,0,3,0,0,0,0,0,synthetic-run-v1,1,synthetic-malicious,family-1-077,synthetic-detectiononly,synthetic-template-77,,rce,,False
2026-01-01T00:17:02Z,synthetic-1-077-2,/synthetic/example/77,GET,200,False,complete,5,5,5,5,0,0,0,0,0,5,0,0,0,0,0,synthetic-run-v1,1,synthetic-malicious,family-1-077,synthetic-detectiononly,synthetic-template-77,,rce,,False
2026-01-01T00:18:00Z,synthetic-1-078-0,/synthetic/example/78,GET,200,False,complete,5,5,5,5,0,0,0,5,0,0,0,0,0,0,0,synthetic-run-v1,1,synthetic-malicious,family-1-078,synthetic-detectiononly,synthetic-template-78,,sqli,,False
2026-01-01T00:18:01Z,synthetic-1-078-1,/synthetic/example/78,GET,200,False,complete,12,12,5,12,0,0,0,3,0,0,0,0,0,0,0,synthetic-run-v1,1,synthetic-malicious,family-1-078,synthetic-detectiononly,synthetic-template-78,,sqli,,False
2026-01-01T00:18:02Z,synthetic-1-078-2,/synthetic/example/78,GET,200,False,complete,0,4,5,0,0,4,0,5,0,0,0,0,0,0,0,synthetic-run-v1,1,synthetic-malicious,family-1-078,synthetic-detectiononly,synthetic-template-78,,sqli,,False
2026-01-01T00:19:00Z,synthetic-1-079-0,/synthetic/example/79,GET,200,False,complete,15,19,5,15,0,4,0,0,10,0,0,0,0,0,0,synthetic-run-v1,1,synthetic-malicious,family-1-079,synthetic-detectiononly,synthetic-template-79,,xss,,False
2026-01-01T00:19:01Z,synthetic-1-079-1,/synthetic/example/79,GET,200,False,complete,12,16,5,12,0,4,0,0,3,0,0,0,0,0,0,synthetic-run-v1,1,synthetic-malicious,family-1-079,synthetic-detectiononly,synthetic-template-79,,xss,,False
2026-01-01T00:19:02Z,synthetic-1-079-2,/synthetic/example/79,GET,200,False,complete,15,15,5,15,0,0,0,0,0,0,0,0,0,0,0,synthetic-run-v1,1,synthetic-malicious,family-1-079,synthetic-detectiononly,synthetic-template-79,,xss,,False
2026-01-01T00:20:00Z,synthetic-1-080-0,/synthetic/example/80,GET,200,False,complete,0,0,5,0,0,0,0,0,0,5,0,0,0,0,0,synthetic-run-v1,1,synthetic-malicious,family-1-080,synthetic-detectiononly,synthetic-template-80,,rce,,False
2026-01-01T00:20:01Z,synthetic-1-080-1,/synthetic/example/80,GET,200,False,complete,9,9,5,9,0,0,0,0,0,10,0,0,0,0,0,synthetic-run-v1,1,synthetic-malicious,family-1-080,synthetic-detectiononly,synthetic-template-80,,rce,,False
2026-01-01T00:20:02Z,synthetic-1-080-2,/synthetic/example/80,GET,200,False,complete,12,16,5,12,0,4,0,0,0,10,0,0,0,0,0,synthetic-run-v1,1,synthetic-malicious,family-1-080,synthetic-detectiononly,synthetic-template-80,,rce,,False
2026-01-01T00:21:00Z,synthetic-1-081-0,/synthetic/example/81,GET,200,False,complete,3,3,5,3,0,0,0,10,0,0,0,0,0,0,0,synthetic-run-v1,1,synthetic-malicious,family-1-081,synthetic-detectiononly,synthetic-template-81,,sqli,,False
2026-01-01T00:21:01Z,synthetic-1-081-1,/synthetic/example/81,GET,200,False,complete,4,4,5,4,0,0,0,5,0,0,0,0,0,0,0,synthetic-run-v1,1,synthetic-malicious,family-1-081,synthetic-detectiononly,synthetic-template-81,,sqli,,False
2026-01-01T00:21:02Z,synthetic-1-081-2,/synthetic/example/81,GET,200,False,complete,0,4,5,0,0,4,0,5,0,0,0,0,0,0,0,synthetic-run-v1,1,synthetic-malicious,family-1-081,synthetic-detectiononly,synthetic-template-81,,sqli,,False
2026-01-01T00:22:00Z,synthetic-1-082-0,/synthetic/example/82,GET,200,False,complete,9,11,5,9,0,2,0,0,5,0,0,0,0,0,0,synthetic-run-v1,1,synthetic-malicious,family-1-082,synthetic-detectiononly,synthetic-template-82,,xss,,False
2026-01-01T00:22:01Z,synthetic-1-082-1,/synthetic/example/82,GET,200,False,complete,5,5,5,5,0,0,0,0,10,0,0,0,0,0,0,synthetic-run-v1,1,synthetic-malicious,family-1-082,synthetic-detectiononly,synthetic-template-82,,xss,,False
2026-01-01T00:22:02Z,synthetic-1-082-2,/synthetic/example/82,GET,200,False,complete,12,16,5,12,0,4,0,0,0,0,0,0,0,0,0,synthetic-run-v1,1,synthetic-malicious,family-1-082,synthetic-detectiononly,synthetic-template-82,,xss,,False
2026-01-01T00:23:00Z,synthetic-1-083-0,/synthetic/example/83,GET,200,False,complete,15,17,5,15,0,2,0,0,0,3,0,0,0,0,0,synthetic-run-v1,1,synthetic-malicious,family-1-083,synthetic-detectiononly,synthetic-template-83,,rce,,False
2026-01-01T00:23:01Z,synthetic-1-083-1,/synthetic/example/83,GET,200,False,complete,15,17,5,15,0,2,0,0,0,5,0,0,0,0,0,synthetic-run-v1,1,synthetic-malicious,family-1-083,synthetic-detectiononly,synthetic-template-83,,rce,,False
2026-01-01T00:23:02Z,synthetic-1-083-2,/synthetic/example/83,GET,200,False,complete,5,5,5,5,0,0,0,0,0,5,0,0,0,0,0,synthetic-run-v1,1,synthetic-malicious,family-1-083,synthetic-detectiononly,synthetic-template-83,,rce,,False
2026-01-01T00:24:00Z,synthetic-1-084-0,/synthetic/example/84,GET,200,False,complete,3,3,5,3,0,0,0,0,0,0,0,0,0,0,0,synthetic-run-v1,1,synthetic-malicious,family-1-084,synthetic-detectiononly,synthetic-template-84,,sqli,,False
2026-01-01T00:24:01Z,synthetic-1-084-1,/synthetic/example/84,GET,200,False,complete,0,0,5,0,0,0,0,10,0,0,0,0,0,0,0,synthetic-run-v1,1,synthetic-malicious,family-1-084,synthetic-detectiononly,synthetic-template-84,,sqli,,False
2026-01-01T00:24:02Z,synthetic-1-084-2,/synthetic/example/84,GET,200,False,complete,7,13,5,7,0,6,0,0,0,0,0,0,0,0,0,synthetic-run-v1,1,synthetic-malicious,family-1-084,synthetic-detectiononly,synthetic-template-84,,sqli,,False
2026-01-01T00:25:00Z,synthetic-1-085-0,/synthetic/example/85,GET,200,False,complete,7,11,5,7,0,4,0,0,0,0,0,0,0,0,0,synthetic-run-v1,1,synthetic-malicious,family-1-085,synthetic-detectiononly,synthetic-template-85,,xss,,False
2026-01-01T00:25:01Z,synthetic-1-085-1,/synthetic/example/85,GET,200,False,complete,4,4,5,4,0,0,0,0,10,0,0,0,0,0,0,synthetic-run-v1,1,synthetic-malicious,family-1-085,synthetic-detectiononly,synthetic-template-85,,xss,,False
2026-01-01T00:25:02Z,synthetic-1-085-2,/synthetic/example/85,GET,200,False,complete,7,7,5,7,0,0,0,0,7,0,0,0,0,0,0,synthetic-run-v1,1,synthetic-malicious,family-1-085,synthetic-detectiononly,synthetic-template-85,,xss,,False
2026-01-01T00:26:00Z,synthetic-1-086-0,/synthetic/example/86,GET,200,False,complete,7,7,5,7,0,0,0,0,0,3,0,0,0,0,0,synthetic-run-v1,1,synthetic-malicious,family-1-086,synthetic-detectiononly,synthetic-template-86,,rce,,False
2026-01-01T00:26:01Z,synthetic-1-086-1,/synthetic/example/86,GET,200,False,complete,4,6,5,4,0,2,0,0,0,10,0,0,0,0,0,synthetic-run-v1,1,synthetic-malicious,family-1-086,synthetic-detectiononly,synthetic-template-86,,rce,,False
2026-01-01T00:26:02Z,synthetic-1-086-2,/synthetic/example/86,GET,200,False,complete,15,15,5,15,0,0,0,0,0,3,0,0,0,0,0,synthetic-run-v1,1,synthetic-malicious,family-1-086,synthetic-detectiononly,synthetic-template-86,,rce,,False
2026-01-01T00:27:00Z,synthetic-1-087-0,/synthetic/example/87,GET,200,False,complete,3,9,5,3,0,6,0,5,0,0,0,0,0,0,0,synthetic-run-v1,1,synthetic-malicious,family-1-087,synthetic-detectiononly,synthetic-template-87,,sqli,,False
2026-01-01T00:27:01Z,synthetic-1-087-1,/synthetic/example/87,GET,200,False,complete,5,9,5,5,0,4,0,5,0,0,0,0,0,0,0,synthetic-run-v1,1,synthetic-malicious,family-1-087,synthetic-detectiononly,synthetic-template-87,,sqli,,False
2026-01-01T00:27:02Z,synthetic-1-087-2,/synthetic/example/87,GET,200,False,complete,12,14,5,12,0,2,0,3,0,0,0,0,0,0,0,synthetic-run-v1,1,synthetic-malicious,family-1-087,synthetic-detectiononly,synthetic-template-87,,sqli,,False
2026-01-01T00:28:00Z,synthetic-1-088-0,/synthetic/example/88,GET,200,False,complete,3,7,5,3,0,4,0,0,7,0,0,0,0,0,0,synthetic-run-v1,1,synthetic-malicious,family-1-088,synthetic-detectiononly,synthetic-template-88,,xss,,False
2026-01-01T00:28:01Z,synthetic-1-088-1,/synthetic/example/88,GET,200,False,partial,7,7,5,7,0,0,0,0,,0,0,0,0,0,0,synthetic-run-v1,1,synthetic-malicious,family-1-088,synthetic-detectiononly,synthetic-template-88,,xss,,False
2026-01-01T00:28:02Z,synthetic-1-088-2,/synthetic/example/88,GET,200,False,complete,3,3,5,3,0,0,0,0,7,0,0,0,0,0,0,synthetic-run-v1,1,synthetic-malicious,family-1-088,synthetic-detectiononly,synthetic-template-88,,xss,,False
2026-01-01T00:29:00Z,synthetic-1-089-0,/synthetic/example/89,GET,200,False,complete,0,0,5,0,0,0,0,0,0,7,0,0,0,0,0,synthetic-run-v1,1,synthetic-malicious,family-1-089,synthetic-detectiononly,synthetic-template-89,,rce,,False
2026-01-01T00:29:01Z,synthetic-1-089-1,/synthetic/example/89,GET,200,False,complete,15,21,5,15,0,6,0,0,0,5,0,0,0,0,0,synthetic-run-v1,1,synthetic-malicious,family-1-089,synthetic-detectiononly,synthetic-template-89,,rce,,False
2026-01-01T00:29:02Z,synthetic-1-089-2,/synthetic/example/89,GET,200,False,complete,5,5,5,5,0,0,0,0,0,10,0,0,0,0,0,synthetic-run-v1,1,synthetic-malicious,family-1-089,synthetic-detectiononly,synthetic-template-89,,rce,,False
2026-01-01T00:30:00Z,synthetic-1-090-0,/synthetic/example/90,GET,200,False,complete,9,13,5,9,0,4,0,3,0,0,0,0,0,0,0,synthetic-run-v1,1,synthetic-malicious,family-1-090,synthetic-detectiononly,synthetic-template-90,,sqli,,False
2026-01-01T00:30:01Z,synthetic-1-090-1,/synthetic/example/90,GET,200,False,complete,4,10,5,4,0,6,0,5,0,0,0,0,0,0,0,synthetic-run-v1,1,synthetic-malicious,family-1-090,synthetic-detectiononly,synthetic-template-90,,sqli,,False
2026-01-01T00:30:02Z,synthetic-1-090-2,/synthetic/example/90,GET,200,False,complete,12,14,5,12,0,2,0,5,0,0,0,0,0,0,0,synthetic-run-v1,1,synthetic-malicious,family-1-090,synthetic-detectiononly,synthetic-template-90,,sqli,,False
2026-01-01T00:31:00Z,synthetic-1-091-0,/synthetic/example/91,GET,200,False,complete,0,0,5,0,0,0,0,0,7,0,0,0,0,0,0,synthetic-run-v1,1,synthetic-malicious,family-1-091,synthetic-detectiononly,synthetic-template-91,,xss,,False
2026-01-01T00:31:01Z,synthetic-1-091-1,/synthetic/example/91,GET,200,False,complete,0,6,5,0,0,6,0,0,7,0,0,0,0,0,0,synthetic-run-v1,1,synthetic-malicious,family-1-091,synthetic-detectiononly,synthetic-template-91,,xss,,False
2026-01-01T00:31:02Z,synthetic-1-091-2,/synthetic/example/91,GET,200,False,complete,3,9,5,3,0,6,0,0,5,0,0,0,0,0,0,synthetic-run-v1,1,synthetic-malicious,family-1-091,synthetic-detectiononly,synthetic-template-91,,xss,,False
2026-01-01T00:32:00Z,synthetic-1-092-0,/synthetic/example/92,GET,200,False,complete,0,2,5,0,0,2,0,0,0,5,0,0,0,0,0,synthetic-run-v1,1,synthetic-malicious,family-1-092,synthetic-detectiononly,synthetic-template-92,,rce,,False
2026-01-01T00:32:01Z,synthetic-1-092-1,/synthetic/example/92,GET,200,False,complete,9,9,5,9,0,0,0,0,0,5,0,0,0,0,0,synthetic-run-v1,1,synthetic-malicious,family-1-092,synthetic-detectiononly,synthetic-template-92,,rce,,False
2026-01-01T00:32:02Z,synthetic-1-092-2,/synthetic/example/92,GET,200,False,complete,4,6,5,4,0,2,0,0,0,3,0,0,0,0,0,synthetic-run-v1,1,synthetic-malicious,family-1-092,synthetic-detectiononly,synthetic-template-92,,rce,,False
2026-01-01T00:33:00Z,synthetic-1-093-0,/synthetic/example/93,GET,200,False,complete,3,3,5,3,0,0,0,10,0,0,0,0,0,0,0,synthetic-run-v1,1,synthetic-malicious,family-1-093,synthetic-detectiononly,synthetic-template-93,,sqli,,False
2026-01-01T00:33:01Z,synthetic-1-093-1,/synthetic/example/93,GET,200,False,complete,9,13,5,9,0,4,0,3,0,0,0,0,0,0,0,synthetic-run-v1,1,synthetic-malicious,family-1-093,synthetic-detectiononly,synthetic-template-93,,sqli,,False
2026-01-01T00:33:02Z,synthetic-1-093-2,/synthetic/example/93,GET,200,False,complete,12,12,5,12,0,0,0,3,0,0,0,0,0,0,0,synthetic-run-v1,1,synthetic-malicious,family-1-093,synthetic-detectiononly,synthetic-template-93,,sqli,,False
2026-01-01T00:34:00Z,synthetic-1-094-0,/synthetic/example/94,GET,200,False,complete,5,5,5,5,0,0,0,0,5,0,0,0,0,0,0,synthetic-run-v1,1,synthetic-malicious,family-1-094,synthetic-detectiononly,synthetic-template-94,,xss,,False
2026-01-01T00:34:01Z,synthetic-1-094-1,/synthetic/example/94,GET,200,False,complete,3,3,5,3,0,0,0,0,0,0,0,0,0,0,0,synthetic-run-v1,1,synthetic-malicious,family-1-094,synthetic-detectiononly,synthetic-template-94,,xss,,False
2026-01-01T00:34:02Z,synthetic-1-094-2,/synthetic/example/94,GET,200,False,complete,12,12,5,12,0,0,0,0,3,0,0,0,0,0,0,synthetic-run-v1,1,synthetic-malicious,family-1-094,synthetic-detectiononly,synthetic-template-94,,xss,,False
2026-01-01T00:35:00Z,synthetic-1-095-0,/synthetic/example/95,GET,200,False,complete,12,14,5,12,0,2,0,0,0,0,0,0,0,0,0,synthetic-run-v1,1,synthetic-malicious,family-1-095,synthetic-detectiononly,synthetic-template-95,,rce,,False
2026-01-01T00:35:01Z,synthetic-1-095-1,/synthetic/example/95,GET,200,False,complete,0,4,5,0,0,4,0,0,0,3,0,0,0,0,0,synthetic-run-v1,1,synthetic-malicious,family-1-095,synthetic-detectiononly,synthetic-template-95,,rce,,False
2026-01-01T00:35:02Z,synthetic-1-095-2,/synthetic/example/95,GET,200,False,complete,4,10,5,4,0,6,0,0,0,0,0,0,0,0,0,synthetic-run-v1,1,synthetic-malicious,family-1-095,synthetic-detectiononly,synthetic-template-95,,rce,,False
2026-01-01T00:36:00Z,synthetic-1-096-0,/synthetic/example/96,GET,200,False,complete,0,0,5,0,0,0,0,0,0,0,0,0,0,0,0,synthetic-run-v1,1,synthetic-malicious,family-1-096,synthetic-detectiononly,synthetic-template-96,,sqli,,False
2026-01-01T00:36:01Z,synthetic-1-096-1,/synthetic/example/96,GET,200,False,complete,9,11,5,9,0,2,0,0,0,0,0,0,0,0,0,synthetic-run-v1,1,synthetic-malicious,family-1-096,synthetic-detectiononly,synthetic-template-96,,sqli,,False
2026-01-01T00:36:02Z,synthetic-1-096-2,/synthetic/example/96,GET,200,False,complete,15,15,5,15,0,0,0,3,0,0,0,0,0,0,0,synthetic-run-v1,1,synthetic-malicious,family-1-096,synthetic-detectiononly,synthetic-template-96,,sqli,,False
2026-01-01T00:37:00Z,synthetic-1-097-0,/synthetic/example/97,GET,200,False,complete,0,4,5,0,0,4,0,0,0,0,0,0,0,0,0,synthetic-run-v1,1,synthetic-malicious,family-1-097,synthetic-detectiononly,synthetic-template-97,,xss,,False
2026-01-01T00:37:01Z,synthetic-1-097-1,/synthetic/example/97,GET,200,False,complete,0,0,5,0,0,0,0,0,0,0,0,0,0,0,0,synthetic-run-v1,1,synthetic-malicious,family-1-097,synthetic-detectiononly,synthetic-template-97,,xss,,False
2026-01-01T00:37:02Z,synthetic-1-097-2,/synthetic/example/97,GET,200,False,complete,9,13,5,9,0,4,0,0,0,0,0,0,0,0,0,synthetic-run-v1,1,synthetic-malicious,family-1-097,synthetic-detectiononly,synthetic-template-97,,xss,,False
2026-01-01T00:38:00Z,synthetic-1-098-0,/synthetic/example/98,GET,200,False,complete,12,16,5,12,0,4,0,0,0,0,0,0,0,0,0,synthetic-run-v1,1,synthetic-malicious,family-1-098,synthetic-detectiononly,synthetic-template-98,,rce,,False
2026-01-01T00:38:01Z,synthetic-1-098-1,/synthetic/example/98,GET,200,False,complete,3,7,5,3,0,4,0,0,0,7,0,0,0,0,0,synthetic-run-v1,1,synthetic-malicious,family-1-098,synthetic-detectiononly,synthetic-template-98,,rce,,False
2026-01-01T00:38:02Z,synthetic-1-098-2,/synthetic/example/98,GET,200,False,complete,15,17,5,15,0,2,0,0,0,10,0,0,0,0,0,synthetic-run-v1,1,synthetic-malicious,family-1-098,synthetic-detectiononly,synthetic-template-98,,rce,,False
2026-01-01T00:39:00Z,synthetic-1-099-0,/synthetic/example/99,GET,200,False,complete,12,18,5,12,0,6,0,5,0,0,0,0,0,0,0,synthetic-run-v1,1,synthetic-malicious,family-1-099,synthetic-detectiononly,synthetic-template-99,,sqli,,False
2026-01-01T00:39:01Z,synthetic-1-099-1,/synthetic/example/99,GET,200,False,complete,0,0,5,0,0,0,0,5,0,0,0,0,0,0,0,synthetic-run-v1,1,synthetic-malicious,family-1-099,synthetic-detectiononly,synthetic-template-99,,sqli,,False
2026-01-01T00:39:02Z,synthetic-1-099-2,/synthetic/example/99,GET,200,False,complete,4,6,5,4,0,2,0,7,0,0,0,0,0,0,0,synthetic-run-v1,1,synthetic-malicious,family-1-099,synthetic-detectiononly,synthetic-template-99,,sqli,,False
2026-01-01T00:40:00Z,synthetic-1-100-0,/synthetic/example/100,GET,200,False,complete,7,9,5,7,0,2,0,0,10,0,0,0,0,0,0,synthetic-run-v1,1,synthetic-malicious,family-1-100,synthetic-detectiononly,synthetic-template-100,,xss,,False
2026-01-01T00:40:01Z,synthetic-1-100-1,/synthetic/example/100,GET,200,False,complete,4,8,5,4,0,4,0,0,0,0,0,0,0,0,0,synthetic-run-v1,1,synthetic-malicious,family-1-100,synthetic-detectiononly,synthetic-template-100,,xss,,False
2026-01-01T00:40:02Z,synthetic-1-100-2,/synthetic/example/100,GET,200,False,complete,9,11,5,9,0,2,0,0,7,0,0,0,0,0,0,synthetic-run-v1,1,synthetic-malicious,family-1-100,synthetic-detectiononly,synthetic-template-100,,xss,,False
2026-01-01T00:41:00Z,synthetic-1-101-0,/synthetic/example/101,GET,200,False,complete,9,9,5,9,0,0,0,0,0,3,0,0,0,0,0,synthetic-run-v1,1,synthetic-malicious,family-1-101,synthetic-detectiononly,synthetic-template-101,,rce,,False
2026-01-01T00:41:01Z,synthetic-1-101-1,/synthetic/example/101,GET,200,False,complete,12,18,5,12,0,6,0,0,0,7,0,0,0,0,0,synthetic-run-v1,1,synthetic-malicious,family-1-101,synthetic-detectiononly,synthetic-template-101,,rce,,False
2026-01-01T00:41:02Z,synthetic-1-101-2,/synthetic/example/101,GET,200,False,complete,5,7,5,5,0,2,0,0,0,10,0,0,0,0,0,synthetic-run-v1,1,synthetic-malicious,family-1-101,synthetic-detectiononly,synthetic-template-101,,rce,,False
2026-01-01T00:42:00Z,synthetic-1-102-0,/synthetic/example/102,GET,200,False,complete,9,13,5,9,0,4,0,5,0,0,0,0,0,0,0,synthetic-run-v1,1,synthetic-malicious,family-1-102,synthetic-detectiononly,synthetic-template-102,,sqli,,False
2026-01-01T00:42:01Z,synthetic-1-102-1,/synthetic/example/102,GET,200,False,complete,12,14,5,12,0,2,0,10,0,0,0,0,0,0,0,synthetic-run-v1,1,synthetic-malicious,family-1-102,synthetic-detectiononly,synthetic-template-102,,sqli,,False
2026-01-01T00:42:02Z,synthetic-1-102-2,/synthetic/example/102,GET,200,False,complete,4,4,5,4,0,0,0,0,0,0,0,0,0,0,0,synthetic-run-v1,1,synthetic-malicious,family-1-102,synthetic-detectiononly,synthetic-template-102,,sqli,,False
2026-01-01T00:43:00Z,synthetic-1-103-0,/synthetic/example/103,GET,200,False,complete,9,11,5,9,0,2,0,0,5,0,0,0,0,0,0,synthetic-run-v1,1,synthetic-malicious,family-1-103,synthetic-detectiononly,synthetic-template-103,,xss,,False
2026-01-01T00:43:01Z,synthetic-1-103-1,/synthetic/example/103,GET,200,False,complete,3,7,5,3,0,4,0,0,0,0,0,0,0,0,0,synthetic-run-v1,1,synthetic-malicious,family-1-103,synthetic-detectiononly,synthetic-template-103,,xss,,False
2026-01-01T00:43:02Z,synthetic-1-103-2,/synthetic/example/103,GET,200,False,complete,0,4,5,0,0,4,0,0,10,0,0,0,0,0,0,synthetic-run-v1,1,synthetic-malicious,family-1-103,synthetic-detectiononly,synthetic-template-103,,xss,,False
2026-01-01T00:44:00Z,synthetic-1-104-0,/synthetic/example/104,GET,200,False,complete,5,9,5,5,0,4,0,0,0,3,0,0,0,0,0,synthetic-run-v1,1,synthetic-malicious,family-1-104,synthetic-detectiononly,synthetic-template-104,,rce,,False
2026-01-01T00:44:01Z,synthetic-1-104-1,/synthetic/example/104,GET,200,False,complete,15,19,5,15,0,4,0,0,0,5,0,0,0,0,0,synthetic-run-v1,1,synthetic-malicious,family-1-104,synthetic-detectiononly,synthetic-template-104,,rce,,False
2026-01-01T00:44:02Z,synthetic-1-104-2,/synthetic/example/104,GET,200,False,complete,12,14,5,12,0,2,0,0,0,10,0,0,0,0,0,synthetic-run-v1,1,synthetic-malicious,family-1-104,synthetic-detectiononly,synthetic-template-104,,rce,,False
2026-01-01T00:45:00Z,synthetic-1-105-0,/synthetic/example/105,GET,200,False,complete,0,6,5,0,0,6,0,10,0,0,0,0,0,0,0,synthetic-run-v1,1,synthetic-malicious,family-1-105,synthetic-detectiononly,synthetic-template-105,,sqli,,False
2026-01-01T00:45:01Z,synthetic-1-105-1,/synthetic/example/105,GET,200,False,complete,5,7,5,5,0,2,0,0,0,0,0,0,0,0,0,synthetic-run-v1,1,synthetic-malicious,family-1-105,synthetic-detectiononly,synthetic-template-105,,sqli,,False
2026-01-01T00:45:02Z,synthetic-1-105-2,/synthetic/example/105,GET,200,False,complete,4,10,5,4,0,6,0,0,0,0,0,0,0,0,0,synthetic-run-v1,1,synthetic-malicious,family-1-105,synthetic-detectiononly,synthetic-template-105,,sqli,,False
2026-01-01T00:46:00Z,synthetic-1-106-0,/synthetic/example/106,GET,200,False,partial,3,3,5,3,0,0,0,0,,0,0,0,0,0,0,synthetic-run-v1,1,synthetic-malicious,family-1-106,synthetic-detectiononly,synthetic-template-106,,xss,,False
2026-01-01T00:46:01Z,synthetic-1-106-1,/synthetic/example/106,GET,200,False,complete,5,7,5,5,0,2,0,0,3,0,0,0,0,0,0,synthetic-run-v1,1,synthetic-malicious,family-1-106,synthetic-detectiononly,synthetic-template-106,,xss,,False
2026-01-01T00:46:02Z,synthetic-1-106-2,/synthetic/example/106,GET,200,False,complete,15,15,5,15,0,0,0,0,10,0,0,0,0,0,0,synthetic-run-v1,1,synthetic-malicious,family-1-106,synthetic-detectiononly,synthetic-template-106,,xss,,False
2026-01-01T00:47:00Z,synthetic-1-107-0,/synthetic/example/107,GET,200,False,complete,7,9,5,7,0,2,0,0,0,0,0,0,0,0,0,synthetic-run-v1,1,synthetic-malicious,family-1-107,synthetic-detectiononly,synthetic-template-107,,rce,,False
2026-01-01T00:47:01Z,synthetic-1-107-1,/synthetic/example/107,GET,200,False,complete,4,4,5,4,0,0,0,0,0,3,0,0,0,0,0,synthetic-run-v1,1,synthetic-malicious,family-1-107,synthetic-detectiononly,synthetic-template-107,,rce,,False
2026-01-01T00:47:02Z,synthetic-1-107-2,/synthetic/example/107,GET,200,False,complete,7,11,5,7,0,4,0,0,0,7,0,0,0,0,0,synthetic-run-v1,1,synthetic-malicious,family-1-107,synthetic-detectiononly,synthetic-template-107,,rce,,False
2026-01-01T00:48:00Z,synthetic-1-108-0,/synthetic/example/108,GET,200,False,complete,12,12,5,12,0,0,0,0,0,0,0,0,0,0,0,synthetic-run-v1,1,synthetic-malicious,family-1-108,synthetic-detectiononly,synthetic-template-108,,sqli,,False
2026-01-01T00:48:01Z,synthetic-1-108-1,/synthetic/example/108,GET,200,False,complete,3,3,5,3,0,0,0,3,0,0,0,0,0,0,0,synthetic-run-v1,1,synthetic-malicious,family-1-108,synthetic-detectiononly,synthetic-template-108,,sqli,,False
2026-01-01T00:48:02Z,synthetic-1-108-2,/synthetic/example/108,GET,200,False,complete,7,7,5,7,0,0,0,10,0,0,0,0,0,0,0,synthetic-run-v1,1,synthetic-malicious,family-1-108,synthetic-detectiononly,synthetic-template-108,,sqli,,False
2026-01-01T00:49:00Z,synthetic-1-109-0,/synthetic/example/109,GET,200,False,complete,3,3,5,3,0,0,0,0,3,0,0,0,0,0,0,synthetic-run-v1,1,synthetic-malicious,family-1-109,synthetic-detectiononly,synthetic-template-109,,xss,,False
2026-01-01T00:49:01Z,synthetic-1-109-1,/synthetic/example/109,GET,200,False,complete,12,12,5,12,0,0,0,0,0,0,0,0,0,0,0,synthetic-run-v1,1,synthetic-malicious,family-1-109,synthetic-detectiononly,synthetic-template-109,,xss,,False
2026-01-01T00:49:02Z,synthetic-1-109-2,/synthetic/example/109,GET,200,False,complete,5,5,5,5,0,0,0,0,0,0,0,0,0,0,0,synthetic-run-v1,1,synthetic-malicious,family-1-109,synthetic-detectiononly,synthetic-template-109,,xss,,False
2026-01-01T00:50:00Z,synthetic-1-110-0,/synthetic/example/110,GET,200,False,complete,9,15,5,9,0,6,0,0,0,0,0,0,0,0,0,synthetic-run-v1,1,synthetic-malicious,family-1-110,synthetic-detectiononly,synthetic-template-110,,rce,,False
2026-01-01T00:50:01Z,synthetic-1-110-1,/synthetic/example/110,GET,200,False,complete,5,7,5,5,0,2,0,0,0,3,0,0,0,0,0,synthetic-run-v1,1,synthetic-malicious,family-1-110,synthetic-detectiononly,synthetic-template-110,,rce,,False
2026-01-01T00:50:02Z,synthetic-1-110-2,/synthetic/example/110,GET,200,False,complete,7,11,5,7,0,4,0,0,0,7,0,0,0,0,0,synthetic-run-v1,1,synthetic-malicious,family-1-110,synthetic-detectiononly,synthetic-template-110,,rce,,False
2026-01-01T00:51:00Z,synthetic-1-111-0,/synthetic/example/111,GET,200,False,complete,5,9,5,5,0,4,0,10,0,0,0,0,0,0,0,synthetic-run-v1,1,synthetic-malicious,family-1-111,synthetic-detectiononly,synthetic-template-111,,sqli,,False
2026-01-01T00:51:01Z,synthetic-1-111-1,/synthetic/example/111,GET,200,False,complete,7,7,5,7,0,0,0,3,0,0,0,0,0,0,0,synthetic-run-v1,1,synthetic-malicious,family-1-111,synthetic-detectiononly,synthetic-template-111,,sqli,,False
2026-01-01T00:51:02Z,synthetic-1-111-2,/synthetic/example/111,GET,200,False,complete,9,9,5,9,0,0,0,10,0,0,0,0,0,0,0,synthetic-run-v1,1,synthetic-malicious,family-1-111,synthetic-detectiononly,synthetic-template-111,,sqli,,False
2026-01-01T00:52:00Z,synthetic-1-112-0,/synthetic/example/112,GET,200,False,complete,9,11,5,9,0,2,0,0,0,0,0,0,0,0,0,synthetic-run-v1,1,synthetic-malicious,family-1-112,synthetic-detectiononly,synthetic-template-112,,xss,,False
2026-01-01T00:52:01Z,synthetic-1-112-1,/synthetic/example/112,GET,200,False,complete,9,9,5,9,0,0,0,0,7,0,0,0,0,0,0,synthetic-run-v1,1,synthetic-malicious,family-1-112,synthetic-detectiononly,synthetic-template-112,,xss,,False
2026-01-01T00:52:02Z,synthetic-1-112-2,/synthetic/example/112,GET,200,False,complete,15,17,5,15,0,2,0,0,10,0,0,0,0,0,0,synthetic-run-v1,1,synthetic-malicious,family-1-112,synthetic-detectiononly,synthetic-template-112,,xss,,False
2026-01-01T00:53:00Z,synthetic-1-113-0,/synthetic/example/113,GET,200,False,complete,15,21,5,15,0,6,0,0,0,7,0,0,0,0,0,synthetic-run-v1,1,synthetic-malicious,family-1-113,synthetic-detectiononly,synthetic-template-113,,rce,,False
2026-01-01T00:53:01Z,synthetic-1-113-1,/synthetic/example/113,GET,200,False,complete,3,7,5,3,0,4,0,0,0,10,0,0,0,0,0,synthetic-run-v1,1,synthetic-malicious,family-1-113,synthetic-detectiononly,synthetic-template-113,,rce,,False
2026-01-01T00:53:02Z,synthetic-1-113-2,/synthetic/example/113,GET,200,False,complete,4,10,5,4,0,6,0,0,0,5,0,0,0,0,0,synthetic-run-v1,1,synthetic-malicious,family-1-113,synthetic-detectiononly,synthetic-template-113,,rce,,False
2026-01-01T00:54:00Z,synthetic-1-114-0,/synthetic/example/114,GET,200,False,complete,12,16,5,12,0,4,0,5,0,0,0,0,0,0,0,synthetic-run-v1,1,synthetic-malicious,family-1-114,synthetic-detectiononly,synthetic-template-114,,sqli,,False
2026-01-01T00:54:01Z,synthetic-1-114-1,/synthetic/example/114,GET,200,False,complete,7,7,5,7,0,0,0,0,0,0,0,0,0,0,0,synthetic-run-v1,1,synthetic-malicious,family-1-114,synthetic-detectiononly,synthetic-template-114,,sqli,,False
2026-01-01T00:54:02Z,synthetic-1-114-2,/synthetic/example/114,GET,200,False,complete,5,9,5,5,0,4,0,3,0,0,0,0,0,0,0,synthetic-run-v1,1,synthetic-malicious,family-1-114,synthetic-detectiononly,synthetic-template-114,,sqli,,False
2026-01-01T00:55:00Z,synthetic-1-115-0,/synthetic/example/115,GET,200,False,complete,9,9,5,9,0,0,0,0,7,0,0,0,0,0,0,synthetic-run-v1,1,synthetic-malicious,family-1-115,synthetic-detectiononly,synthetic-template-115,,xss,,False
2026-01-01T00:55:01Z,synthetic-1-115-1,/synthetic/example/115,GET,200,False,complete,0,6,5,0,0,6,0,0,5,0,0,0,0,0,0,synthetic-run-v1,1,synthetic-malicious,family-1-115,synthetic-detectiononly,synthetic-template-115,,xss,,False
2026-01-01T00:55:02Z,synthetic-1-115-2,/synthetic/example/115,GET,200,False,complete,5,5,5,5,0,0,0,0,5,0,0,0,0,0,0,synthetic-run-v1,1,synthetic-malicious,family-1-115,synthetic-detectiononly,synthetic-template-115,,xss,,False
2026-01-01T00:56:00Z,synthetic-1-116-0,/synthetic/example/116,GET,200,False,complete,9,9,5,9,0,0,0,0,0,0,0,0,0,0,0,synthetic-run-v1,1,synthetic-malicious,family-1-116,synthetic-detectiononly,synthetic-template-116,,rce,,False
2026-01-01T00:56:01Z,synthetic-1-116-1,/synthetic/example/116,GET,200,False,complete,15,15,5,15,0,0,0,0,0,10,0,0,0,0,0,synthetic-run-v1,1,synthetic-malicious,family-1-116,synthetic-detectiononly,synthetic-template-116,,rce,,False
2026-01-01T00:56:02Z,synthetic-1-116-2,/synthetic/example/116,GET,200,False,complete,12,12,5,12,0,0,0,0,0,10,0,0,0,0,0,synthetic-run-v1,1,synthetic-malicious,family-1-116,synthetic-detectiononly,synthetic-template-116,,rce,,False
2026-01-01T00:57:00Z,synthetic-1-117-0,/synthetic/example/117,GET,200,False,complete,12,12,5,12,0,0,0,7,0,0,0,0,0,0,0,synthetic-run-v1,1,synthetic-malicious,family-1-117,synthetic-detectiononly,synthetic-template-117,,sqli,,False
2026-01-01T00:57:01Z,synthetic-1-117-1,/synthetic/example/117,GET,200,False,complete,15,15,5,15,0,0,0,7,0,0,0,0,0,0,0,synthetic-run-v1,1,synthetic-malicious,family-1-117,synthetic-detectiononly,synthetic-template-117,,sqli,,False
2026-01-01T00:57:02Z,synthetic-1-117-2,/synthetic/example/117,GET,200,False,complete,4,8,5,4,0,4,0,0,0,0,0,0,0,0,0,synthetic-run-v1,1,synthetic-malicious,family-1-117,synthetic-detectiononly,synthetic-template-117,,sqli,,False
2026-01-01T00:58:00Z,synthetic-1-118-0,/synthetic/example/118,GET,200,False,complete,3,9,5,3,0,6,0,0,10,0,0,0,0,0,0,synthetic-run-v1,1,synthetic-malicious,family-1-118,synthetic-detectiononly,synthetic-template-118,,xss,,False
2026-01-01T00:58:01Z,synthetic-1-118-1,/synthetic/example/118,GET,200,False,complete,5,5,5,5,0,0,0,0,3,0,0,0,0,0,0,synthetic-run-v1,1,synthetic-malicious,family-1-118,synthetic-detectiononly,synthetic-template-118,,xss,,False
2026-01-01T00:58:02Z,synthetic-1-118-2,/synthetic/example/118,GET,200,False,complete,4,8,5,4,0,4,0,0,3,0,0,0,0,0,0,synthetic-run-v1,1,synthetic-malicious,family-1-118,synthetic-detectiononly,synthetic-template-118,,xss,,False
2026-01-01T00:59:00Z,synthetic-1-119-0,/synthetic/example/119,GET,200,False,complete,15,21,5,15,0,6,0,0,0,10,0,0,0,0,0,synthetic-run-v1,1,synthetic-malicious,family-1-119,synthetic-detectiononly,synthetic-template-119,,rce,,False
2026-01-01T00:59:01Z,synthetic-1-119-1,/synthetic/example/119,GET,200,False,complete,4,8,5,4,0,4,0,0,0,5,0,0,0,0,0,synthetic-run-v1,1,synthetic-malicious,family-1-119,synthetic-detectiononly,synthetic-template-119,,rce,,False
2026-01-01T00:59:02Z,synthetic-1-119-2,/synthetic/example/119,GET,200,False,complete,9,15,5,9,0,6,0,0,0,5,0,0,0,0,0,synthetic-run-v1,1,synthetic-malicious,family-1-119,synthetic-detectiononly,synthetic-template-119,,rce,,False
2026-01-01T00:00:00Z,synthetic-unknown-0,/synthetic/example/0,GET,200,False,partial,0,0,5,0,0,0,0,5,,0,0,0,0,0,0,synthetic-run-v1,unknown,synthetic-legitimate,unknown-0,synthetic-detectiononly,,,legitimate,,False
2026-01-01T00:00:01Z,synthetic-unknown-1,/synthetic/example/0,GET,200,False,complete,1,1,5,1,0,0,0,5,0,0,0,0,0,0,0,synthetic-run-v1,unknown,synthetic-legitimate,unknown-1,synthetic-detectiononly,,,legitimate,,False
2026-01-01T00:00:02Z,synthetic-unknown-2,/synthetic/example/0,GET,200,False,complete,4,4,5,4,0,0,0,3,0,0,0,0,0,0,0,synthetic-run-v1,unknown,synthetic-legitimate,unknown-2,synthetic-detectiononly,,,legitimate,,False
2026-01-01T00:01:00Z,synthetic-unknown-3,/synthetic/example/1,GET,200,False,complete,3,4,5,3,0,1,0,0,0,0,0,0,0,0,0,synthetic-run-v1,unknown,synthetic-legitimate,unknown-3,synthetic-detectiononly,,,legitimate,,False
2026-01-01T00:00:01Z,synthetic-0-000-1,/synthetic/example/0,GET,200,False,complete,1,1,5,1,0,0,0,5,0,0,0,0,0,0,0,synthetic-run-v1,0,synthetic-legitimate,family-0-000,synthetic-detectiononly,,,legitimate,,False
